"e1g2efjf5 href","tiktok-1zpj2q-ImgAvatar src","tiktok-1665s4c-SpanUserNameText","tiktok-xm2h10-PCommentText","tiktok-4tru0g-SpanCreatedTime","tiktok-ro5z69-SpanReplyButton","tiktok-gb2mrc-SpanCount"
"https://www.tiktok.com/@eduardograjales2","https://p16-sign-va.tiktokcdn.com/musically-maliva-obj/1664649270819846~c5_100x100.jpg?x-expires=1694923200&x-signature=t9TRXk1aYm6ANuI%2BE0XCA3dYEpA%3D","Eduardo Grajales","Ers una pol√≠tica qu√© te falta humildad haces aparentar una persona muy sencilla","hace 1¬†d√≠a(s)","Responder","1"
"https://www.tiktok.com/@tanguymoo","https://p16-sign-va.tiktokcdn.com/tos-maliva-avt-0068/4c565d565bde727ec7e3ffad809578dd~c5_100x100.jpg?x-expires=1694923200&x-signature=GYzH%2F%2FpmW6nwGSQhQQVjsgkgbkk%3D","TanguyMoo","Se aprovechan de la gente ahora que est√°n en campa√±a! Corrupta como todos los pol√≠ticos incluyendo a morena! Lacra! üëéüèæ","hace 3¬†d√≠a(s)","Responder","2"
"https://www.tiktok.com/@homerosimpsonrecargado","https://p16-sign-va.tiktokcdn.com/musically-maliva-obj/1661927003338821~c5_100x100.jpg?x-expires=1694923200&x-signature=%2BM8E8k3x7HExGU%2FluDU%2F5qbiM8g%3D","user6986649228326","SI AS√ç COMO HACEN TIK TOKS, TRABAJARAN","hace 3¬†d√≠a(s)","Responder","4"
"https://www.tiktok.com/@hectorlanda7777","https://p16-sign-va.tiktokcdn.com/tos-maliva-avt-0068/7207d3cad49e15c3f5dd3cd5cbae38d1~c5_100x100.jpg?x-expires=1694923200&x-signature=WYXR5G2E4L4Q5n%2FC7CwIOj%2Bhfvk%3D","hectorlanda7777","Y por eso les pagan una lanota servidores p√∫blicos, que paup√©rrimo nivel","hace 4¬†d√≠a(s)","Responder","0"
"https://www.tiktok.com/@therealaguilar","https://p16-sign-va.tiktokcdn.com/tos-maliva-avt-0068/e486ca730691bb2967b9e9fc846640d1~c5_100x100.jpg?x-expires=1694923200&x-signature=ziPuVY9xv1HtQBa50Lq6draHlJU%3D","JESUS DIAZ","como pol√≠tico das mucho que desear","hace 4¬†d√≠a(s)","Responder","3"
"https://www.tiktok.com/@mundo_dantes","https://p16-sign-va.tiktokcdn.com/tos-maliva-avt-0068/7097358876894625797~c5_100x100.jpg?x-expires=1694923200&x-signature=Re7xRhI8Uy%2FGGlT4yVaqwr621Ck%3D","edmundodant√©sL.","digna representante del gremio de ratas de Manuel velasco.","hace 5¬†d√≠a(s)","Responder","3"
"https://www.tiktok.com/@pepereyes2022","https://p16-sign-va.tiktokcdn.com/tos-maliva-avt-0068/da79c76484d27a5e3d9eb3a91b30d5ad~c5_100x100.jpg?x-expires=1694923200&x-signature=oRDXjCCQ%2FcbmDV3jx80OF6jsSgk%3D","pepereyes22","ridiculo hace con sus disque mujeres aut√≥ctonas, claro se ve que son cercanas de ella, ni los rasgos","hace 5¬†d√≠a(s)","Responder","0"
"https://www.tiktok.com/@gerardocruzcorzo","https://p16-sign-va.tiktokcdn.com/tos-maliva-avt-0068/c8413d590b6f7813447a7891fe7fccae~c5_100x100.jpg?x-expires=1694923200&x-signature=RrcT1nOiBkajrB1Iq4yoNeMQie8%3D","user35513593493","corrupta veracruzana , esta feliz del saqueo que ha realizado al erario publico de Chiapas","hace 5¬†d√≠a(s)","Responder","1"
"https://www.tiktok.com/@helmuthwiechmann","https://p16-sign-va.tiktokcdn.com/tos-maliva-avt-0068/7086230740257964038~c5_100x100.jpg?x-expires=1694923200&x-signature=bmlI0uSfuk21kZIJQKB%2Bki5cARI%3D","Helmuth Wiechmann","üòÇüòÇüòÇ","hace 5¬†d√≠a(s)","Responder","1"
"https://www.tiktok.com/@patriciadejesushernande0","https://p16-sign-va.tiktokcdn.com/tos-maliva-avt-0068/e1f4e00ea94d8d5b081130080e1b72e1~c5_100x100.jpg?x-expires=1694923200&x-signature=W7WWUZ1fcR%2FD4jamiavSw%2F5rQps%3D","patolink....","Huy que mal jeje","hace 6¬†d√≠a(s)","Responder","0"
"https://www.tiktok.com/@alex_madridd","https://p16-sign-va.tiktokcdn.com/tos-maliva-avt-0068/3dc2d69bb4d5ff9f2b0ce89208630aba~c5_100x100.jpg?x-expires=1694923200&x-signature=9gqiiAiCMf48%2F%2FKHBQ2keaaqwLc%3D","Alejandro A. Madrid","üòÇüòÇü•∞ü•∞","hace 6¬†d√≠a(s)","Responder","0"
"https://www.tiktok.com/@albertorodriguez4791","https://p16-sign-va.tiktokcdn.com/tos-maliva-avt-0068/a631dd288b548f8425b5fb5d5ebc4c46~c5_100x100.jpg?x-expires=1694923200&x-signature=LBDe64kfkyK1LZCnoAY6sDgEqkU%3D","albertorodriguez4791","Que gran Plagio del tik tok del","hace 6¬†d√≠a(s)","Responder","0"
"https://www.tiktok.com/@franciscoarroyomx","https://p16-sign-va.tiktokcdn.com/musically-maliva-obj/1665877031735301~c5_100x100.jpg?x-expires=1694923200&x-signature=y4DVHuO18b11q1JoG3jL1yNCykY%3D","Francisco Arroyo M","Ni de chiapas es y quiere ser gobernadoraü§£ estuvo con pe√±a y ahora es de morena","hace 6¬†d√≠a(s)","Responder","2"
"https://www.tiktok.com/@hanabatah","https://p16-sign-va.tiktokcdn.com/tos-maliva-avt-0068/70ab178b7186312ffea2c5ae35225df0~c5_100x100.jpg?x-expires=1694923200&x-signature=nV5WAMHWQQ9js0EuhvGHCz8dDBw%3D","Hanabatah","üòÇüòÇüòÇ","hace 6¬†d√≠a(s)","Responder","0"
"https://www.tiktok.com/@user3821728218117","https://p16-sign-va.tiktokcdn.com/tos-maliva-avt-0068/3f7e33d6c45e2bbd74f2cf100391ec59~c5_100x100.jpg?x-expires=1694923200&x-signature=HOQ1hGQzJOmv4Gm71vee89fTsvE%3D","user3821728218117","con claudia nooo claro k no, ali empezo ustde mal","hace 22¬†min","Responder","0"
"https://www.tiktok.com/@angelcolin80r","https://p16-sign-va.tiktokcdn.com/tos-maliva-avt-0068/b1206e004ad454db35fbf17d2bdbd545~c5_100x100.jpg?x-expires=1694923200&x-signature=ph16Kx225igKYg1XSBsG%2FsoCzA0%3D","√Ångel Col√≠n","hablando de avaricia üòÖüòÖ. veo video marcelo y ahora de...","hace 8¬†h","Responder","0"
"https://www.tiktok.com/@revebe10","https://p16-sign-va.tiktokcdn.com/tos-maliva-avt-0068/3e050023b3e4ac5191be1d9b5458f45f~c5_100x100.jpg?x-expires=1694923200&x-signature=15pSlsGxr%2Bky8AQuJVtljn52PIg%3D","Rene Velasco10","solo xk estas preciosa votare xti sasil","hace 10¬†h","Responder","0"
"https://www.tiktok.com/@wendicandelariape","https://p16-sign-va.tiktokcdn.com/tos-maliva-avt-0068/7204466495781830662~c5_100x100.jpg?x-expires=1694923200&x-signature=I3Zv0C4do%2BebsW9J5CLw83NIpT0%3D","wen wen","COMO SIEMPRE QUIERES COLGARTE DE ALGO QUE TU NO HACESüòÇ","hace 1¬†d√≠a(s)","Responder","1"
"https://www.tiktok.com/@wendicandelariape","https://p16-sign-va.tiktokcdn.com/tos-maliva-avt-0068/7204466495781830662~c5_100x100.jpg?x-expires=1694923200&x-signature=I3Zv0C4do%2BebsW9J5CLw83NIpT0%3D","wen wen","por que pones fotos de un evento que no es tuyo, el dia que claudia lleg√≥ a sancris ni te dejaron subir al templete porque no estabas invitada","hace 1¬†d√≠a(s)","Responder","0"
"https://www.tiktok.com/@luigy396","https://p16-sign-va.tiktokcdn.com/tos-maliva-avt-0068/7168274429066084358~c5_100x100.jpg?x-expires=1694923200&x-signature=F2ZhaLSG%2BNnt7DkoeG0DuUXfCkU%3D","luigy396","ESTOY CON LA 4T,PERO ESTA SE√ëORA NO DEBERIA SER CANDIDATA,QUE HA HECHO POR CHIAPAS?? NADA!! SOLO CALENTAR LA SILLA Y POSAR PARA LAS FOTOS...","hace 3¬†d√≠a(s)","Responder","1"
"https://www.tiktok.com/@moisesgutierrezpi","https://p16-sign-va.tiktokcdn.com/musically-maliva-obj/1594805258216454~c5_100x100.jpg?x-expires=1694923200&x-signature=9pnGUn%2B5Rt7YTQHjBUQEKJ%2FBIy8%3D","moises_gutierrez _Pi√±eiro","üò°","hace 4¬†d√≠a(s)","Responder","0"
"https://www.tiktok.com/@moisesgutierrezpi","https://p16-sign-va.tiktokcdn.com/musically-maliva-obj/1594805258216454~c5_100x100.jpg?x-expires=1694923200&x-signature=9pnGUn%2B5Rt7YTQHjBUQEKJ%2FBIy8%3D","moises_gutierrez _Pi√±eiro","en Chiapas ya no m√°s ratas como sasil y Eduuardo Ram√≠rez
Chiapas un desmadre por culpa de estos pol√≠ticos rata","hace 4¬†d√≠a(s)","Responder","0"
"https://www.tiktok.com/@lalala4439","https://p16-sign-va.tiktokcdn.com/musically-maliva-obj/1594805258216454~c5_100x100.jpg?x-expires=1694923200&x-signature=9pnGUn%2B5Rt7YTQHjBUQEKJ%2FBIy8%3D","lalala","queremos un M√©xico libre no con lo mismo cada d√≠a vamos peor Chiapas est√° peor y que ha hecho est√° fulana por chiapas","hace 5¬†d√≠a(s)","Responder","4"
"https://www.tiktok.com/@lalala4439","https://p16-sign-va.tiktokcdn.com/musically-maliva-obj/1594805258216454~c5_100x100.jpg?x-expires=1694923200&x-signature=9pnGUn%2B5Rt7YTQHjBUQEKJ%2FBIy8%3D","lalala","hay ya la regastes otra copia","hace 5¬†d√≠a(s)","Responder","0"
"https://www.tiktok.com/@patriciadejesushernande0","https://p16-sign-va.tiktokcdn.com/tos-maliva-avt-0068/e1f4e00ea94d8d5b081130080e1b72e1~c5_100x100.jpg?x-expires=1694923200&x-signature=W7WWUZ1fcR%2FD4jamiavSw%2F5rQps%3D","patolink....","üòè","hace 5¬†d√≠a(s)","Responder","0"
"https://www.tiktok.com/@richi7209","https://p16-sign-va.tiktokcdn.com/musically-maliva-obj/1695967088395269~c5_100x100.jpg?x-expires=1694923200&x-signature=SCefyCjKYZ6%2BWEGn0fAl2y7lIic%3D","ricardocarrasco734","Lamentable que siendo una persona tan joven, tenga tan malos comentarios en su trabajo.","hace 5¬†d√≠a(s)","Responder","3"
"https://www.tiktok.com/@pepereyes2022","https://p16-sign-va.tiktokcdn.com/tos-maliva-avt-0068/da79c76484d27a5e3d9eb3a91b30d5ad~c5_100x100.jpg?x-expires=1694923200&x-signature=oRDXjCCQ%2FcbmDV3jx80OF6jsSgk%3D","pepereyes22","est√°n viendo como arde la rep√∫blica por la delincuencia y la pol√≠tica barata del viejito y quieren seguir con la misma fregadera","hace 5¬†d√≠a(s)","Responder","2"
"https://www.tiktok.com/@rovssaivan2","https://p16-sign-va.tiktokcdn.com/tos-maliva-avt-0068/04ae929cb9039ce59ac6721a92aa2e18~c5_100x100.jpg?x-expires=1694923200&x-signature=vh7IvJ%2FCW1Xr5jQIN7NBlXtSHQ4%3D","rovs,saivan","üôÑ lleg√≥ a Escuintla y ni siquiera saludo cuando salio de su reuni√≥n üôÑ no te cuelgues. solo de ella hablas üòÇ","hace 5¬†d√≠a(s)","Responder","1"
"https://www.tiktok.com/@vicor700","https://p16-sign-va.tiktokcdn.com/tos-maliva-avt-0068/916f4b0e9361dbc3ce713bfcb723cc5d~c5_100x100.jpg?x-expires=1694923200&x-signature=u2ZlR%2Bg2xaHk8%2Fnatpo7FJPZ52U%3D","victordiaz7000","Ipocrita traidora lambiscona","hace 5¬†d√≠a(s)","Responder","1"
"https://www.tiktok.com/@mariaantoniasanch316","https://p16-sign-va.tiktokcdn.com/tos-maliva-avt-0068/7143426030164770822~c5_100x100.jpg?x-expires=1694923200&x-signature=DCtznayrS3BsrSFoYdCmqmWnQys%3D","mariaantoniasanch316","Por medio de la religi√≥nlogro colarse","hace 6¬†d√≠a(s)","Responder","1"
"https://www.tiktok.com/@mick8037","https://p16-sign-va.tiktokcdn.com/musically-maliva-obj/5c79b4a24057cede79ba7b984588d20b~c5_100x100.jpg?x-expires=1694923200&x-signature=i9k4V0ymnLiVxFM5FJL%2FL12AJTU%3D","Nacho nache","Otra que se arrastra para parecer buwna gente","hace 6¬†d√≠a(s)","Responder","2"
"https://www.tiktok.com/@armandozamora05","https://p16-sign-va.tiktokcdn.com/musically-maliva-obj/1666600146852870~c5_100x100.jpg?x-expires=1694923200&x-signature=Vp8smvkOtD8FVwgI%2B1fL8gStNN0%3D","Armando Zamora","con todo senadora total apoyo","hace 1¬†semana(s)","Responder","0"
"https://www.tiktok.com/@elenacorzeb","https://p16-sign-va.tiktokcdn.com/tos-maliva-avt-0068/b7fdc5fd44e205bc2b5b6c93e75a5273~c5_100x100.jpg?x-expires=1694923200&x-signature=RAZB0cdE7KwE%2FRrnKopGikJ50I0%3D","Elena Coronel","felicidades senadora","hace 1¬†semana(s)","Responder","1"
"https://www.tiktok.com/@user8528671091048","https://p16-sign-va.tiktokcdn.com/musically-maliva-obj/1594805258216454~c5_100x100.jpg?x-expires=1694923200&x-signature=9pnGUn%2B5Rt7YTQHjBUQEKJ%2FBIy8%3D","user8528671091048","sabe ud de la problem√°tica que hay en frontera comalapa??? quiere ganarse un punto?? ayude a este municipio ya que nadie nos toma en cuenta!!","hace 1¬†d√≠a(s)","Responder","0"
"https://www.tiktok.com/@pepereyes2022","https://p16-sign-va.tiktokcdn.com/tos-maliva-avt-0068/da79c76484d27a5e3d9eb3a91b30d5ad~c5_100x100.jpg?x-expires=1694923200&x-signature=oRDXjCCQ%2FcbmDV3jx80OF6jsSgk%3D","pepereyes22","otra que quiere ser candidata y seguir fregando al estado, nada bueno ha hecho por el estado","hace 1¬†d√≠a(s)","Responder","1"
"https://www.tiktok.com/@zeppelin_uno","https://p16-sign-va.tiktokcdn.com/musically-maliva-obj/1594805258216454~c5_100x100.jpg?x-expires=1694923200&x-signature=9pnGUn%2B5Rt7YTQHjBUQEKJ%2FBIy8%3D","zeppelin_uno","otra rata!!!!!
cuantos millones te chingaste??","hace 2¬†d√≠a(s)","Responder","0"
"https://www.tiktok.com/@machin1240592","https://p16-sign-va.tiktokcdn.com/tos-maliva-avt-0068/7132219342120288262~c5_100x100.jpg?x-expires=1694923200&x-signature=q90L4uhAHouWVI%2F4Z4VCXP%2Fvfd4%3D","Machin1240592","siempre la misma propaganda y pol√≠tica de Chiapas y todo M√©xico.
Bueno es lo √∫nico que hay, penozamente.","hace 3¬†d√≠a(s)","Responder","0"
"https://www.tiktok.com/@usertw7x5ozlfx","https://p16-sign-va.tiktokcdn.com/tos-maliva-avt-0068/7068390023086899205~c5_100x100.jpg?x-expires=1694923200&x-signature=P8b7%2FoTRDabm6LHlV5he44jKiHo%3D","√Ångel del Cielo","pura mentira esta se√±ora ni en su casa lo conoc√≠an pura mentira se averg√ºenza de su origen","hace 3¬†d√≠a(s)","Responder","0"
"https://www.tiktok.com/@armandozamora05","https://p16-sign-va.tiktokcdn.com/musically-maliva-obj/1666600146852870~c5_100x100.jpg?x-expires=1694923200&x-signature=Vp8smvkOtD8FVwgI%2B1fL8gStNN0%3D","Armando Zamora","vamos con todo sasil","hace 3¬†d√≠a(s)","Responder","0"
"https://www.tiktok.com/@lalala4439","https://p16-sign-va.tiktokcdn.com/musically-maliva-obj/1594805258216454~c5_100x100.jpg?x-expires=1694923200&x-signature=9pnGUn%2B5Rt7YTQHjBUQEKJ%2FBIy8%3D","lalala","para poder votar necesito saber que ha hecho que me convenza para votar por ella","hace 3¬†d√≠a(s)","Responder","0"
"https://www.tiktok.com/@lalala4439","https://p16-sign-va.tiktokcdn.com/musically-maliva-obj/1594805258216454~c5_100x100.jpg?x-expires=1694923200&x-signature=9pnGUn%2B5Rt7YTQHjBUQEKJ%2FBIy8%3D","lalala","si ahorita es humilde pero que alguien me diga que ha hecho por Chiapas desconozco que ha hecho","hace 3¬†d√≠a(s)","Responder","0"
"https://www.tiktok.com/@vicor700","https://p16-sign-va.tiktokcdn.com/tos-maliva-avt-0068/916f4b0e9361dbc3ce713bfcb723cc5d~c5_100x100.jpg?x-expires=1694923200&x-signature=u2ZlR%2Bg2xaHk8%2Fnatpo7FJPZ52U%3D","victordiaz7000","Jajaja nobtiene verguenza el poder los ciega y traiciona una ratota","hace 3¬†d√≠a(s)","Responder","0"
"https://www.tiktok.com/@glezal","https://p16-sign-va.tiktokcdn.com/musically-maliva-obj/1594805258216454~c5_100x100.jpg?x-expires=1694923200&x-signature=9pnGUn%2B5Rt7YTQHjBUQEKJ%2FBIy8%3D","glezal","jejejejejee","hace 5¬†d√≠a(s)","Responder","0"
"https://www.tiktok.com/@eduardograjales2","https://p16-sign-va.tiktokcdn.com/musically-maliva-obj/1664649270819846~c5_100x100.jpg?x-expires=1694923200&x-signature=t9TRXk1aYm6ANuI%2BE0XCA3dYEpA%3D","Eduardo Grajales","Que humildad q la gente se da cuenta","hace 1¬†semana(s)","Responder","1"
"https://www.tiktok.com/@iel.dan","https://p16-sign-va.tiktokcdn.com/tos-maliva-avt-0068/e9c1e1f93bf669eecaf0d02ad2aa6622~c5_100x100.jpg?x-expires=1694923200&x-signature=Shp%2BTNwTWypFzLzjkOP1WE4dlCw%3D","Dan.iel","ya regreso??","9-6","Responder","1"
"https://www.tiktok.com/@user2495328471433","https://p16-sign-va.tiktokcdn.com/tos-maliva-avt-0068/7088f6c7a9e90a8437337e6609d26523~c5_100x100.jpg?x-expires=1694923200&x-signature=4FZhRrMSER6gjAkz0xYuSsHKMq8%3D","sofia lunes","echale ganas sasil viva sasil","9-6","Responder","0"
"https://www.tiktok.com/@talos61","https://p16-sign-va.tiktokcdn.com/tos-maliva-avt-0068/7248247063291363334~c5_100x100.jpg?x-expires=1694923200&x-signature=cttfqLq6%2FDSTORTVnpGLZ4VwT28%3D","juancarloscast8122","RATA","hace 4¬†d√≠a(s)","Responder","0"
"","https://p16-sign-va.tiktokcdn.com/tos-maliva-avt-0068/7143657206507831302~c5_100x100.jpeg?x-expires=1695009600&x-signature=8%2FD%2Fv0kMJKFqQZK4RYx21KLVoTA%3D","","","","",""
"","","","","","",""
"https://www.tiktok.com/@rubinabla","https://p16-sign-va.tiktokcdn.com/musically-maliva-obj/1594805258216454~c5_100x100.jpg?x-expires=1694923200&x-signature=9pnGUn%2B5Rt7YTQHjBUQEKJ%2FBIy8%3D","rubinabla","ahorita hasta se pega con sus cabezas porque quiere votos despues si gana no las conoce ella es rica esto lo hace por conveniencia no creaan","hace 4¬†d√≠a(s)","Responder","0"
"https://www.tiktok.com/@mick8037","https://p16-sign-va.tiktokcdn.com/musically-maliva-obj/5c79b4a24057cede79ba7b984588d20b~c5_100x100.jpg?x-expires=1694923200&x-signature=i9k4V0ymnLiVxFM5FJL%2FL12AJTU%3D","Nacho nache","No deber√≠a estar en la carcel por ratera","hace 6¬†d√≠a(s)","Responder","1"
"https://www.tiktok.com/@carloscruzqdo","https://p16-sign-va.tiktokcdn.com/tos-maliva-avt-0068/a8d8d1bd942ed4a769e18e4f73b9f726~c5_100x100.jpg?x-expires=1694923200&x-signature=JZllkcXRxkyaTgxu%2BOfrFVuUrw8%3D","user1154198750810","Siempre aqu√≠ en mi pueblo todos con sasil","9-7","Responder","0"
"","https://p16-sign-va.tiktokcdn.com/tos-maliva-avt-0068/7143657206507831302~c5_100x100.jpeg?x-expires=1695009600&x-signature=8%2FD%2Fv0kMJKFqQZK4RYx21KLVoTA%3D","","","","",""
"","","","","","",""
"https://www.tiktok.com/@astrid09hassey9","https://p16-sign-va.tiktokcdn.com/tos-maliva-avt-0068/6fdb17ced90b39c2b644969b9fe16d08~c5_100x100.jpg?x-expires=1694923200&x-signature=TWNhm3KnWCbK1HPnKELAtMHUFW8%3D","astrid09hassey9","las q aun tienenlandicha de tenerlas abrazenkas y consientanlas no solo hoy siempre, los abuelos son los principales pilares de la familia ü•∞ü•∞ü•∞","8-28","Responder","0"
"https://www.tiktok.com/@patriciadejesushernande0","https://p16-sign-va.tiktokcdn.com/tos-maliva-avt-0068/e1f4e00ea94d8d5b081130080e1b72e1~c5_100x100.jpg?x-expires=1694923200&x-signature=W7WWUZ1fcR%2FD4jamiavSw%2F5rQps%3D","patolink....","Claudia si va","hace 3¬†d√≠a(s)","Responder","0"
"https://www.tiktok.com/@krissvalen","https://p16-sign-va.tiktokcdn.com/musically-maliva-obj/1666143858476038~c5_100x100.jpg?x-expires=1694923200&x-signature=Tyy1xJUgiT76c2ffxazCQYUgkEY%3D","Kriss Valen","ü•∞ü•∞ü•∞ü•∞","9-2","Responder","0"
"https://www.tiktok.com/@barba..roja","https://p16-sign-va.tiktokcdn.com/tos-maliva-avt-0068/fc2d44b047bcb266e46b77819ccde848~c5_100x100.jpg?x-expires=1694923200&x-signature=eOhuDO605O478HoXKBrI1ivUpEY%3D","Barba_Roja","En Villaflores no hizo nada m√°s que robar","8-27","Responder","0"
"https://www.tiktok.com/@pattymoreno791","https://p16-sign-va.tiktokcdn.com/tos-maliva-avt-0068/7117828297955115013~c5_100x100.jpg?x-expires=1694923200&x-signature=sCoWthMMIqiQpBSG04%2Bd2g88OQQ%3D","pattymoreno791","es el cerrito de San Crist√≥bal üòÅ","8-25","Responder","0"
"https://www.tiktok.com/@giovannapatriciad2","https://p16-sign-va.tiktokcdn.com/tos-maliva-avt-0068/a9c2b50ec2e8e0231b42e64b1ac95e6b~c5_100x100.jpg?x-expires=1694923200&x-signature=dOwh0z1K1mWyRzzkrUiiuwFX7IE%3D","giode leon","no es que sea machista simplemente no tiene la inteligencia y la estrategia que se requiere para ser gobernadora de chiapas un estado pobre y rico!","8-22","Responder","2"
"https://www.tiktok.com/@giovannapatriciad2","https://p16-sign-va.tiktokcdn.com/tos-maliva-avt-0068/a9c2b50ec2e8e0231b42e64b1ac95e6b~c5_100x100.jpg?x-expires=1694923200&x-signature=dOwh0z1K1mWyRzzkrUiiuwFX7IE%3D","giode leon","ella no puede ser gobernadora de chiapas quedar√≠a peor que Manuel velazco vienen de la misma cuna si rutilio no hizo nada se imaginan ella!","8-22","Responder","2"
"https://www.tiktok.com/@flp.torres","https://p16-sign-va.tiktokcdn.com/tos-maliva-avt-0068/0b88faecff252d36ccdb7cec1b6236c6~c5_100x100.jpg?x-expires=1694923200&x-signature=%2BggTv5jwefH7oAP7fsMjjUQ1n6U%3D","FLP","Claudia espuria! No tienes legitimidad! Me das nauseas!","8-22","Responder","1"
"https://www.tiktok.com/@damian_ord","https://p16-sign-va.tiktokcdn.com/tos-maliva-avt-0068/3cbe049d506f7e4150e69435efe3bb5e~c5_100x100.jpg?x-expires=1694923200&x-signature=hUAGieazJCejN6xGFz%2FbQ9XX2b4%3D","Dami√°n Ord√≥√±ez","ü•∞","8-17","Responder","0"
"https://www.tiktok.com/@diego_moreno96","https://p16-sign-va.tiktokcdn.com/tos-maliva-avt-0068/00d6e5eb1382f490bcacc8b4f0ccb342~c5_100x100.jpg?x-expires=1694923200&x-signature=lVp4Y2TbsUMzDHlRC5RqTMdkgfU%3D","Diego Moreno","Es tiempo de las mujeres!!","8-15","Responder","0"
"https://www.tiktok.com/@aremirubiarreolaz","https://p16-sign-va.tiktokcdn.com/musically-maliva-obj/1594805258216454~c5_100x100.jpg?x-expires=1694923200&x-signature=9pnGUn%2B5Rt7YTQHjBUQEKJ%2FBIy8%3D","Aremi Rubi Arreola Zavaleta","#Estiempo de las mujeres bendiciones para ambas","8-15","Responder","0"
"https://www.tiktok.com/@aire200aire","https://p16-sign-va.tiktokcdn.com/tos-maliva-avt-0068/002cdb4c657c0633fc7c860c81598740~c5_100x100.jpg?x-expires=1694923200&x-signature=o8LUrWZRDf8inUU8%2FdOpezHiwuE%3D","elpendejomedicen","saludos desde tapachula bendiciones","8-15","Responder","0"
"https://www.tiktok.com/@alecita733","https://p16-sign-va.tiktokcdn.com/tos-maliva-avt-0068/7074779876745543686~c5_100x100.jpg?x-expires=1694923200&x-signature=V%2F05SjHyWyEym4izN6sq5bePHpM%3D","Alejandra M√©ndez1255","No se hace ni la mitad con esas dos,","8-14","Responder","2"
"https://www.tiktok.com/@angel_lorenzanamx","https://p16-sign-va.tiktokcdn.com/musically-maliva-obj/9c8626df38444e978c3cf485f6532971~c5_100x100.jpg?x-expires=1694923200&x-signature=X3WQp6tNwOZsiAmU5pIv1wVIMl0%3D","√Çngel Lorenzana","üòÖ","8-14","Responder","0"
"https://www.tiktok.com/@cruzjd5","https://p16-sign-va.tiktokcdn.com/tos-maliva-avt-0068/72e2af1fc4f6fe4c99625ffda14c3c22~c5_100x100.jpg?x-expires=1694923200&x-signature=6pbFMmwEv83OLnr7cb97b%2BA2HZ8%3D","J D Cruz","Claudia Sheinbaum presidente","8-14","Responder","0"
"https://www.tiktok.com/@sayurigomezt","https://p16-sign-va.tiktokcdn.com/musically-maliva-obj/1664081848642565~c5_100x100.jpg?x-expires=1694923200&x-signature=p3k3wi4RpI%2F6FKlaFC%2FE0oOUpa0%3D","Sayuri G√≥mez","Vamos con Sasil de Le√≥n
Para Chiapas la mejor opci√≥n!!","8-14","Responder","0"
"https://www.tiktok.com/@rociorguezdellaven","https://p16-sign-va.tiktokcdn.com/tos-maliva-avt-0068/a1546e16532abaa67e761eedacd98e47~c5_100x100.jpg?x-expires=1694923200&x-signature=cSLmTA5UZXOpcfoGJy%2BtOZuXfog%3D","Gitana","#EsTiempoDeLasMujeres","8-14","Responder","0"
"https://www.tiktok.com/@rodrigobetancourt03","https://p16-sign-va.tiktokcdn.com/musically-maliva-obj/1656862451570693~c5_100x100.jpg?x-expires=1694923200&x-signature=IuygNpyl4QR%2FeWHR7h%2FoDX%2BGzLM%3D","Rodrigo Betancourt","üëèüëèüëè","8-14","Responder","0"
"https://www.tiktok.com/@lizhasy","https://p16-sign-va.tiktokcdn.com/tos-maliva-avt-0068/9d265f2eea2b1315cf09b3361accea2c~c5_100x100.jpg?x-expires=1694923200&x-signature=AW9%2FLyswr7aL0W%2BeQkh%2FAK1PxFo%3D","lizhasy","Dos mujeres bellas e inteligentes ,","8-14","Responder","0"
"https://www.tiktok.com/@mariasoledad05_","https://p16-sign-va.tiktokcdn.com/tos-maliva-avt-0068/fa61190096122f7c6c16ba603202b3ff~c5_100x100.jpg?x-expires=1694923200&x-signature=D480A5wT9UXkSx0znf0OHPyZ5zw%3D","Maria Soledad Solis Granados","nuestra proxima Presidebta de la Republica Mexicana y Gobernadora del estado de Chiapas üëè üëè üëè üëè üëè üëè üëè üëè","8-14","Responder","1"
"https://www.tiktok.com/@exaljuan1","https://p16-sign-va.tiktokcdn.com/tos-maliva-avt-0068/ee1c0c953b5756f9f1324c637db53be5~c5_100x100.jpg?x-expires=1694923200&x-signature=q%2F%2F0oHDHDMM0Tbq9OUklufoYDZ8%3D","Exaljuan1","‚ù§‚ù§‚ù§‚ù§‚ù§‚ù§","8-14","Responder","0"
"https://www.tiktok.com/@dannai_dam04","https://p16-sign-va.tiktokcdn.com/musically-maliva-obj/1656634609117190~c5_100x100.jpg?x-expires=1694923200&x-signature=GEonKfu6K5nz4iONryegzpl2kcI%3D","Dannai D'amiano","üëèüëè","8-27","Responder","0"
"https://www.tiktok.com/@lauradeleoncardenas","https://p16-sign-sg.tiktokcdn.com/aweme/100x100/tiktok-obj/1676998905246722.jpg?x-expires=1694923200&x-signature=6aTmWIiZKA%2FUtjSbhIGtk%2B12b6I%3D","Laura De Leon Carden","üëèüëèüëè la mejor opci√≥n para Chiapas üëå","8-14","Responder","0"
"https://www.tiktok.com/@diego_moreno96","https://p16-sign-va.tiktokcdn.com/tos-maliva-avt-0068/00d6e5eb1382f490bcacc8b4f0ccb342~c5_100x100.jpg?x-expires=1694923200&x-signature=lVp4Y2TbsUMzDHlRC5RqTMdkgfU%3D","Diego Moreno","üëè","8-14","Responder","0"
"https://www.tiktok.com/@jazminfabiola1303","https://p16-sign-va.tiktokcdn.com/tos-maliva-avt-0068/fe66508f22d64c8a2834d679acebe727~c5_100x100.jpg?x-expires=1694923200&x-signature=p6dUcx4lPD9rtCz0L3wvJ01V9rU%3D","jazmin","Es tiempo de las mujeres #EsSasil","8-12","Responder","0"
"https://www.tiktok.com/@sayurigomezt","https://p16-sign-va.tiktokcdn.com/musically-maliva-obj/1664081848642565~c5_100x100.jpg?x-expires=1694923200&x-signature=p3k3wi4RpI%2F6FKlaFC%2FE0oOUpa0%3D","Sayuri G√≥mez","siiiiii!!!
aprobada senadora!!!!","8-10","Responder","0"
"https://www.tiktok.com/@enderfabian","https://p16-sign-va.tiktokcdn.com/musically-maliva-obj/1660350623069190~c5_100x100.jpg?x-expires=1694923200&x-signature=Gr%2FPEnDSPb5TFli4wynvgYL3t%2BA%3D","Ender Fabian","Es tiempo de mujeres y en Chiapas #EsSasil üôè","8-10","Responder","0"
"https://www.tiktok.com/@nahielysalinasgon","https://p16-sign-va.tiktokcdn.com/tos-maliva-avt-0068/9c2f6b0eab008df023b94c374437cc2f~c5_100x100.jpg?x-expires=1694923200&x-signature=ozCjeNiEGvSUnDDdEa7sPrgRdTA%3D","Nahiely Salinas Gonz","excelente senadora! ü§åüèª y la üßÄ porte la pr√≥xima Gobernadora de chiapas!!!","8-10","Responder","0"
"https://www.tiktok.com/@chai_mc","https://p16-sign-va.tiktokcdn.com/tos-maliva-avt-0068/fb0ae5ab5348405a0a136c6dbfb1f505~c5_100x100.jpg?x-expires=1694923200&x-signature=Ry1SPlxNcntO3qsW2yHa%2Bq5%2FRME%3D","chai_mc","con todo Lic.üëç","8-10","Responder","0"
"https://www.tiktok.com/@desiveles","https://p16-sign-va.tiktokcdn.com/tos-maliva-avt-0068/d547f9ac85bd15745eebd4206c2a89c2~c5_100x100.jpg?x-expires=1694923200&x-signature=uHHWu72HYA4cAOdYQ%2BRuSfN4c%2F0%3D","Desiveles","C√≥mo les gusta enga√±ar a la gente humilde, les hacen creer que son pueblo y cuando llegan al PODER se olvidan del pueblo","hace 4¬†d√≠a(s)","Responder","0"
"https://www.tiktok.com/@cesar211189","https://p16-sign-va.tiktokcdn.com/tos-maliva-avt-0068/9589bf8c5ed50f2290ceb229fe781c98~c5_100x100.jpg?x-expires=1694923200&x-signature=5otT5qP3gUZbMQZ2qUrZmUU87KY%3D","M√°ximo","üëèüèæüëèüèæ","hace 1¬†semana(s)","Responder","0"
"https://www.tiktok.com/@peacemaker_7_","https://p16-sign-va.tiktokcdn.com/musically-maliva-obj/5e51e4a689f3822608597e4db00c4364~c5_100x100.jpg?x-expires=1694923200&x-signature=qBLtSrI2VqoA%2F6zeEsDHWKchlrE%3D","Juggernaut7","üòÇüòÇüòÇ el pri","8-9","Responder","0"
"https://www.tiktok.com/@_adruii","https://p16-sign-va.tiktokcdn.com/tos-maliva-avt-0068/6d814060df003652e2e0727889b74b29~c5_100x100.jpg?x-expires=1694923200&x-signature=S3dtnCw1An55sQf%2F8gnq1F2C5HU%3D","m","Estamos con usted senadoraü§ç","8-8","Responder","0"
"https://www.tiktok.com/@dannai_dam04","https://p16-sign-va.tiktokcdn.com/musically-maliva-obj/1656634609117190~c5_100x100.jpg?x-expires=1694923200&x-signature=GEonKfu6K5nz4iONryegzpl2kcI%3D","Dannai D'amiano","Los j√≥venes estamos con usted senadora ‚ù§Ô∏è","8-8","Responder","0"
"https://www.tiktok.com/@keillycoello1","https://p16-sign-va.tiktokcdn.com/tos-maliva-avt-0068/574103d4ea9cc21c06a43a6a639a5df0~c5_100x100.jpg?x-expires=1694923200&x-signature=c9eIc3%2FI8n%2BW5GW%2FKPhV5hPWzTo%3D","Key_C","""Por llegar hasta donde nos proponemos""! ü´∂ Bendiciones senadora! üëè","8-8","Responder","0"
"https://www.tiktok.com/@hectordioscorides","https://p16-sign-va.tiktokcdn.com/tos-maliva-avt-0068/df36108fc11eb980642097a7ba0d0680~c5_100x100.jpg?x-expires=1694923200&x-signature=IGyl%2BvjFLoyUimtKqb0UzKxucSY%3D","HectorDioscorides","estoy contigo sadil pero no me gustan las hipocres√≠as no hagas algo q nunca volver√°s hacer ....","8-2","Responder","1"
"https://www.tiktok.com/@armandozamora05","https://p16-sign-va.tiktokcdn.com/musically-maliva-obj/1666600146852870~c5_100x100.jpg?x-expires=1694923200&x-signature=Vp8smvkOtD8FVwgI%2B1fL8gStNN0%3D","Armando Zamora","sasil gobernadora","8-2","Responder","0"
"https://www.tiktok.com/@sayurigomezt","https://p16-sign-va.tiktokcdn.com/musically-maliva-obj/1664081848642565~c5_100x100.jpg?x-expires=1694923200&x-signature=p3k3wi4RpI%2F6FKlaFC%2FE0oOUpa0%3D","Sayuri G√≥mez","estamos contigo Sasil de Le√≥n!!","8-1","Responder","0"
"https://www.tiktok.com/@sayurigomezt","https://p16-sign-va.tiktokcdn.com/musically-maliva-obj/1664081848642565~c5_100x100.jpg?x-expires=1694923200&x-signature=p3k3wi4RpI%2F6FKlaFC%2FE0oOUpa0%3D","Sayuri G√≥mez","Amar y respetar al pueblo que nos vio nacer, Chiapas!!!","8-1","Responder","0"
"https://www.tiktok.com/@user5085663406030","https://p16-sign-va.tiktokcdn.com/tos-maliva-avt-0068/dff6da2c352e7f62e403a2a4d08bd332~c5_100x100.jpg?x-expires=1694923200&x-signature=tYVZL%2Baoas0WIdVox4G5jLc0aXc%3D","Gayelquenomesiga","Te pareces a Karely Ruiz.","8-1","Responder","1"
"https://www.tiktok.com/@vititopor","https://p16-sign-va.tiktokcdn.com/musically-maliva-obj/1693821643973637~c5_100x100.jpg?x-expires=1694923200&x-signature=PaP9q33Xm32pZsmzu9BCYAm2XCQ%3D","Victor Castillo2555","ü•∞","7-31","Responder","0"
"https://www.tiktok.com/@glezal","https://p16-sign-va.tiktokcdn.com/musically-maliva-obj/1594805258216454~c5_100x100.jpg?x-expires=1694923200&x-signature=9pnGUn%2B5Rt7YTQHjBUQEKJ%2FBIy8%3D","glezal","por el voto hay quuienes son capaz de todo.üò≥","8-19","Responder","0"
"https://www.tiktok.com/@bartolosrest","https://p16-sign-va.tiktokcdn.com/musically-maliva-obj/1662887147376645~c5_100x100.jpg?x-expires=1694923200&x-signature=DBHH%2FqfvP9SyZpubB0kRREfE2RU%3D","Bartolos Rest","estamos con usted #EsSasil","7-27","Responder","0"
"https://www.tiktok.com/@aremirubiarreolaz","https://p16-sign-va.tiktokcdn.com/musically-maliva-obj/1594805258216454~c5_100x100.jpg?x-expires=1694923200&x-signature=9pnGUn%2B5Rt7YTQHjBUQEKJ%2FBIy8%3D","Aremi Rubi Arreola Zavaleta","Eso es todo #EsSasil 2024 üòò","7-27","Responder","0"
"https://www.tiktok.com/@valegonz297","https://p16-sign-va.tiktokcdn.com/tos-maliva-avt-0068/7089585561538658310~c5_100x100.jpg?x-expires=1694923200&x-signature=3kDX%2BeI3Ev8QnDsIqQMK0Wmukb4%3D","Vale Gonz297","yo voy Sasil, ella es la indicada para gobernar Chiapas","7-27","Responder","0"
"https://www.tiktok.com/@civiresu","https://p16-sign-va.tiktokcdn.com/tos-maliva-avt-0068/dbcd8c15418e552a40e03d9602c92e23~c5_100x100.jpg?x-expires=1694923200&x-signature=AhbXCw3yck9hWK%2BnAEs24lKMFj0%3D","_Dulce Pecado_","ü•∞ü•∞ü•∞ü•∞ü•∞ü•∞","7-27","Responder","0"
"https://www.tiktok.com/@lauradeleoncardenas","https://p16-sign-sg.tiktokcdn.com/aweme/100x100/tiktok-obj/1676998905246722.jpg?x-expires=1694923200&x-signature=6aTmWIiZKA%2FUtjSbhIGtk%2B12b6I%3D","Laura De Leon Carden","Nuestra futura gobernadora de Chiapas üëèüëçüëç","7-26","Responder","0"
"https://www.tiktok.com/@lauradeleoncardenas","https://p16-sign-sg.tiktokcdn.com/aweme/100x100/tiktok-obj/1676998905246722.jpg?x-expires=1694923200&x-signature=6aTmWIiZKA%2FUtjSbhIGtk%2B12b6I%3D","Laura De Leon Carden","Eso es todo Senadora üëèüëèüëèüëèüëåüëåüëå","7-26","Responder","0"
"","https://p16-sign-va.tiktokcdn.com/tos-maliva-avt-0068/7143657206507831302~c5_100x100.jpeg?x-expires=1695009600&x-signature=8%2FD%2Fv0kMJKFqQZK4RYx21KLVoTA%3D","","","","",""
"","","","","","",""
"https://www.tiktok.com/@diego_moreno96","https://p16-sign-va.tiktokcdn.com/tos-maliva-avt-0068/00d6e5eb1382f490bcacc8b4f0ccb342~c5_100x100.jpg?x-expires=1694923200&x-signature=lVp4Y2TbsUMzDHlRC5RqTMdkgfU%3D","Diego Moreno","Que bonitooo rocky","7-21","Responder","0"
"https://www.tiktok.com/@karla_locadelosmichis","https://p16-sign-va.tiktokcdn.com/musically-maliva-obj/1694345546361861~c5_100x100.jpg?x-expires=1694923200&x-signature=X2%2Bh5AydZptevCC7kAXRm9D9Qvw%3D","La loca de los gatos y perros","ü•∞ü•∞ü•∞","7-21","Responder","0"
"https://www.tiktok.com/@montsedeleonl","https://p16-sign-va.tiktokcdn.com/musically-maliva-obj/1662432952344581~c5_100x100.jpg?x-expires=1694923200&x-signature=C6qeeq2GVktrtRZVw2mluLJISkM%3D","Montse De Le√≥n","Reg√°lamelo","7-21","Responder","1"
"https://www.tiktok.com/@montsedeleonl","https://p16-sign-va.tiktokcdn.com/musically-maliva-obj/1662432952344581~c5_100x100.jpg?x-expires=1694923200&x-signature=C6qeeq2GVktrtRZVw2mluLJISkM%3D","Montse De Le√≥n","Lo quierooooooooo","7-21","Responder","1"
"","https://p16-sign-va.tiktokcdn.com/tos-maliva-avt-0068/7143657206507831302~c5_100x100.jpeg?x-expires=1695009600&x-signature=8%2FD%2Fv0kMJKFqQZK4RYx21KLVoTA%3D","","","","",""
"https://www.tiktok.com/@nomadamayacancun","https://p16-sign-va.tiktokcdn.com/musically-maliva-obj/8c0245b0eb5a329ce443d978fdb8df4f~c5_100x100.jpg?x-expires=1694923200&x-signature=Sc%2BO4JZttznyv8I5y6mwtbJ7rww%3D","Nomada Maya en Cancun","ü•∞","7-16","Responder","0"
"https://www.tiktok.com/@rodrigobetancourt03","https://p16-sign-va.tiktokcdn.com/musically-maliva-obj/1656862451570693~c5_100x100.jpg?x-expires=1694923200&x-signature=IuygNpyl4QR%2FeWHR7h%2FoDX%2BGzLM%3D","Rodrigo Betancourt","üëè","7-16","Responder","1"
"https://www.tiktok.com/@estef.magana","https://p16-sign-va.tiktokcdn.com/tos-maliva-avt-0068/6cd383104ac265443f0d0109f1426634~c5_100x100.jpg?x-expires=1694923200&x-signature=MzS5xEsR5zwFZl6dsWUVd5IxTO0%3D","Estef.maga√±a","#yoVoyConSasil ‚ù§Ô∏è","7-16","Responder","1"
"https://www.tiktok.com/@enocsantosgonzale","https://p16-sign-va.tiktokcdn.com/tos-maliva-avt-0068/44a6d96b64e14774240dfde1a52eaa71~c5_100x100.jpg?x-expires=1694923200&x-signature=XyvDRD%2Fmf0VGk5RzzG%2BlF7E4l18%3D","Enoc Santos Gonzalez","De video de Banda !!!! Hermoso chiapas !!","8-4","Responder","0"
"https://www.tiktok.com/@enocsantosgonzale","https://p16-sign-va.tiktokcdn.com/tos-maliva-avt-0068/44a6d96b64e14774240dfde1a52eaa71~c5_100x100.jpg?x-expires=1694923200&x-signature=XyvDRD%2Fmf0VGk5RzzG%2BlF7E4l18%3D","Enoc Santos Gonzalez","üëå","8-4","Responder","0"
"https://www.tiktok.com/@franciscosanchez1456","https://p16-sign-va.tiktokcdn.com/tos-maliva-avt-0068/f580ec68d3e0f66366a3d6a6a66613a7~c5_100x100.jpg?x-expires=1694923200&x-signature=L3MEr2y82Mbl4klsi3zeLUxSU%2Fw%3D","francisco sanchez1981","muy guapaü•∞ü•∞ü•∞ü•∞ü•∞","7-27","Responder","0"
"https://www.tiktok.com/@luigy396","https://p16-sign-va.tiktokcdn.com/tos-maliva-avt-0068/7168274429066084358~c5_100x100.jpg?x-expires=1694923200&x-signature=F2ZhaLSG%2BNnt7DkoeG0DuUXfCkU%3D","luigy396","ESTA SE√ëORA SOLO CUANDO HAY ALGO QUE LE.VA HACER GANAR MAS DINERO ( ELECCIONES ) SE APARECE...","7-26","Responder","0"
"https://www.tiktok.com/@joseranulfo18","https://p16-sign-va.tiktokcdn.com/tos-maliva-avt-0068/bd5ecc8e92706f0fba0bbf697d194323~c5_100x100.jpg?x-expires=1694923200&x-signature=z2PWwXG6b%2BchflusZwuX0yrRvXE%3D","joseranulfo18","Excelente d√≠a","7-19","Responder","0"
"https://www.tiktok.com/@alejandrajosafan","https://p16-sign-va.tiktokcdn.com/musically-maliva-obj/66f7471757109973a7a2c9af0917c6dd~c5_100x100.jpg?x-expires=1694923200&x-signature=8GI3WxwQcc4%2FuAYFtVa6UlCJvdQ%3D","Alejandra JosaFan","üòçüòçüòç","7-14","Responder","0"
"https://www.tiktok.com/@montsedeleonl","https://p16-sign-va.tiktokcdn.com/musically-maliva-obj/1662432952344581~c5_100x100.jpg?x-expires=1694923200&x-signature=C6qeeq2GVktrtRZVw2mluLJISkM%3D","Montse De Le√≥n","üòçüòç","7-14","Responder","0"
"https://www.tiktok.com/@diego_moreno96","https://p16-sign-va.tiktokcdn.com/tos-maliva-avt-0068/00d6e5eb1382f490bcacc8b4f0ccb342~c5_100x100.jpg?x-expires=1694923200&x-signature=lVp4Y2TbsUMzDHlRC5RqTMdkgfU%3D","Diego Moreno","üëèüèºüëèüèºüëèüèº","7-13","Responder","0"
"https://www.tiktok.com/@rociorguezdellaven","https://p16-sign-va.tiktokcdn.com/tos-maliva-avt-0068/a1546e16532abaa67e761eedacd98e47~c5_100x100.jpg?x-expires=1694923200&x-signature=cSLmTA5UZXOpcfoGJy%2BtOZuXfog%3D","Gitana","Porque las mujeres tambi√©n tenemos los mismos derechos que los hombres para acceder al uso, manejo y control de los recursos, por eso #EsSasil","7-22","Responder","0"
"https://www.tiktok.com/@renegonzaleza_","https://p16-sign-va.tiktokcdn.com/musically-maliva-obj/1655836367470597~c5_100x100.jpg?x-expires=1694923200&x-signature=l94YrI%2BRMd%2BCXKRPlsBA7rAeWHM%3D","Rene Gonz√°lez","Pr√≥xima gobernadora de Chiapas üëäüèª","7-11","Responder","0"
"https://www.tiktok.com/@exaljuan1","https://p16-sign-va.tiktokcdn.com/tos-maliva-avt-0068/ee1c0c953b5756f9f1324c637db53be5~c5_100x100.jpg?x-expires=1694923200&x-signature=q%2F%2F0oHDHDMM0Tbq9OUklufoYDZ8%3D","Exaljuan1","Saludos mi senadora","7-10","Responder","0"
"https://www.tiktok.com/@cristy09689","https://p16-sign-va.tiktokcdn.com/tos-maliva-avt-0068/97737af092d159bf0996f830216c8a04~c5_100x100.jpg?x-expires=1694923200&x-signature=A1NyH%2Fz66tGsalY%2BIR5Eu9qtyUA%3D","Cristy GSü¶ã","saludos desde Reforma chiapas","7-10","Responder","0"
"https://www.tiktok.com/@cristy09689","https://p16-sign-va.tiktokcdn.com/tos-maliva-avt-0068/97737af092d159bf0996f830216c8a04~c5_100x100.jpg?x-expires=1694923200&x-signature=A1NyH%2Fz66tGsalY%2BIR5Eu9qtyUA%3D","Cristy GSü¶ã","Tu ser√°s la mejor Gobernadora que Chiapas puede tener","7-10","Responder","0"
"","https://p16-sign-va.tiktokcdn.com/tos-maliva-avt-0068/7143657206507831302~c5_100x100.jpeg?x-expires=1695009600&x-signature=8%2FD%2Fv0kMJKFqQZK4RYx21KLVoTA%3D","","","","",""
"","","","","","",""
"https://www.tiktok.com/@delarosa604","https://p16-sign-va.tiktokcdn.com/tos-maliva-avt-0068/de997dd90e1936e60cdead33e149bdae~c5_100x100.jpg?x-expires=1694923200&x-signature=seLxnH%2FW2QTlkmXhXaWNeT3iM8U%3D","De La Rosa Liz","La senadora m√°s guapa y es de Chiapas, saludos desde mapastepec","7-8","Responder","0"
"https://www.tiktok.com/@rodrigobetancourt03","https://p16-sign-va.tiktokcdn.com/musically-maliva-obj/1656862451570693~c5_100x100.jpg?x-expires=1694923200&x-signature=IuygNpyl4QR%2FeWHR7h%2FoDX%2BGzLM%3D","Rodrigo Betancourt","üëèüëèüëè","7-7","Responder","0"
"","https://p16-sign-va.tiktokcdn.com/tos-maliva-avt-0068/7143657206507831302~c5_100x100.jpeg?x-expires=1695009600&x-signature=8%2FD%2Fv0kMJKFqQZK4RYx21KLVoTA%3D","","","","",""
"https://www.tiktok.com/@andru1820","https://p16-sign-va.tiktokcdn.com/tos-maliva-avt-0068/ea8dd461c0c7d0a9b3ad18d42c0c82e9~c5_100x100.jpg?x-expires=1694923200&x-signature=HkI7C%2FP429AhifVgXpaSviUjkDQ%3D","Andr√©s","Lo que deberian hacer es crear oportunidades de trabajo para los jovenes que estudiamos y no recibimos apoyos :(","7-5","Responder","8"
"https://www.tiktok.com/@josuecruz452","https://p16-sign-va.tiktokcdn.com/tos-maliva-avt-0068/6bcafcb3c834eb836f7ce0c0f355ab7a~c5_100x100.jpg?x-expires=1694923200&x-signature=MB5LYmxc8kFIVFvD%2FjFOecS0jk8%3D","josuecruz452","como se llaman las canciones ?","7-4","Responder","0"
"https://www.tiktok.com/@nahielysalinasgon","https://p16-sign-va.tiktokcdn.com/tos-maliva-avt-0068/9c2f6b0eab008df023b94c374437cc2f~c5_100x100.jpg?x-expires=1694923200&x-signature=ozCjeNiEGvSUnDDdEa7sPrgRdTA%3D","Nahiely Salinas Gonz","una mujer fuerte y digna representante de los chiapanecos! üòå","7-4","Responder","2"
"https://www.tiktok.com/@empanada877","https://p16-sign-va.tiktokcdn.com/musically-maliva-obj/1594805258216454~c5_100x100.jpg?x-expires=1694923200&x-signature=9pnGUn%2B5Rt7YTQHjBUQEKJ%2FBIy8%3D","empanada877","Yo quiero trabajar con usted, hice pr√°cticas en el senado ü•∫","7-4","Responder","2"
"https://www.tiktok.com/@antoio2177","https://p16-sign-va.tiktokcdn.com/tos-maliva-avt-0068/cb32d1c470407dbd301a7d019e72ce60~c5_100x100.jpg?x-expires=1694923200&x-signature=iM4hauQ1Qn6pGUe3J9%2FHgrsEqu0%3D","merrik cast","ü•∞ü•∞","9-5","Responder","0"
"https://www.tiktok.com/@jossee21","https://p16-sign-va.tiktokcdn.com/musically-maliva-obj/1660186640645126~c5_100x100.jpg?x-expires=1694923200&x-signature=RtgmYP%2BOrmYbpRLQ283u9%2FBIYxI%3D","Jose Jimenez Toledo","que paso con ciudad mujer???","7-6","Responder","0"
"https://www.tiktok.com/@enrikecardenas386","https://p16-sign-va.tiktokcdn.com/tos-maliva-avt-0068/d4de5325ca8bd75c43661b00a52d357f~c5_100x100.jpg?x-expires=1694923200&x-signature=53aocjDhBm%2Bxx%2FV7v0%2B0XjsbRUk%3D","cardenas","Con pura gente acarreada pues as√≠ todos llenan y aparte en ese tiempo a√∫n eras del partido verde y ahorita como le conviene seguir robando","7-6","Responder","0"
"https://www.tiktok.com/@user192947875","https://p16-sign-va.tiktokcdn.com/tos-maliva-avt-0068/7182361102071070725~c5_100x100.jpg?x-expires=1694923200&x-signature=q2UfbVOqmaW4K%2FkVNSUFG0HTsJc%3D","user192947875","VIVA AMLO üí™üí™üí™","7-2","Responder","0"
"https://www.tiktok.com/@user5978113277527","https://p16-sign-va.tiktokcdn.com/tos-maliva-avt-0068/a3611193be2a1686a1d1e7a8cc5de245~c5_100x100.jpg?x-expires=1694923200&x-signature=giB4YSo3KD42mD5N4saooDQwdy0%3D","user5978113277527","morena üá≤üáΩüí™üíØ es un honor estar con obrador ü•∞","7-2","Responder","0"
"https://www.tiktok.com/@tolucogodinez","https://p16-sign-va.tiktokcdn.com/tos-maliva-avt-0068/7170551464614920197~c5_100x100.jpg?x-expires=1694923200&x-signature=3v7auCPsQ%2BGkcCAExGtmE42ENCA%3D","tolucogodinez","Que poca madre‚Ä¶ que manera de derrochar NUESTROS IMPUESTOS EN ALIMENTAR EL EGO DEL PEOR PRESIDENTE DE MEXICOü§¨ü§¨ü§Æü§ÆüêÄüêÄ","7-2","Responder","1"
"https://www.tiktok.com/@luigy396","https://p16-sign-va.tiktokcdn.com/tos-maliva-avt-0068/7168274429066084358~c5_100x100.jpg?x-expires=1694923200&x-signature=F2ZhaLSG%2BNnt7DkoeG0DuUXfCkU%3D","luigy396","LA NUCU LE DICEN! SALE CADA QUE HAY PROXIMAS ELECCIONES A ENGA√ëAR BOBOS,NI UN VOTO A ESTA SE√ëORA!!!","6-28","Responder","5"
"https://www.tiktok.com/@gaguji2122gujazmin","https://p16-sign-va.tiktokcdn.com/tos-maliva-avt-0068/4fc5adf31dc15341c08a7a3aa3b63272~c5_100x100.jpg?x-expires=1694923200&x-signature=L5ZpKgg3Cc1ryESi27aFNkFaf3c%3D","GaGuji@@","que mal que al pasar al municipio de Escuintla chiapas antip√°tica para hablar y eso de Serca de la presidencia","hace 2¬†d√≠a(s)","Responder","0"
"https://www.tiktok.com/@rociorguezdellaven","https://p16-sign-va.tiktokcdn.com/tos-maliva-avt-0068/a1546e16532abaa67e761eedacd98e47~c5_100x100.jpg?x-expires=1694923200&x-signature=cSLmTA5UZXOpcfoGJy%2BtOZuXfog%3D","Gitana","Chiapas es hermoso, gracias Senadora por dar a conocer las riquezas de nuestro Estado. üíñüåπ","7-8","Responder","0"
"https://www.tiktok.com/@enrikecardenas386","https://p16-sign-va.tiktokcdn.com/tos-maliva-avt-0068/d4de5325ca8bd75c43661b00a52d357f~c5_100x100.jpg?x-expires=1694923200&x-signature=53aocjDhBm%2Bxx%2FV7v0%2B0XjsbRUk%3D","cardenas","Pura falsedad de esta sra nunca ha hecho nada por su estado y ahorita anda de falsa","7-6","Responder","0"
"https://www.tiktok.com/@rubiramoss1","https://p16-sign-va.tiktokcdn.com/tos-maliva-avt-0068/42adfb3c81388fdb34565cde045ede94~c5_100x100.jpg?x-expires=1694923200&x-signature=TFTiJGEZq87UMfj6gFviDLIzrao%3D","Yaneth29","Vividora","6-28","Responder","0"
"https://www.tiktok.com/@alexvalencia00","https://p16-sign-sg.tiktokcdn.com/aweme/100x100/tiktok-obj/1682835233317890.jpg?x-expires=1694923200&x-signature=rCHTpzQVMo3uNiASz6RMGTonA8g%3D","Alex Valencia","nadie pero nadie en su sano juicio le dar√≠a un voto a esta persona oportunista y falsa!!","6-28","Responder","4"
"https://www.tiktok.com/@jazminfabiola1303","https://p16-sign-va.tiktokcdn.com/tos-maliva-avt-0068/fe66508f22d64c8a2834d679acebe727~c5_100x100.jpg?x-expires=1694923200&x-signature=p6dUcx4lPD9rtCz0L3wvJ01V9rU%3D","jazmin","Saludos Senadora.","6-27","Responder","0"
"https://www.tiktok.com/@ulisesanleu","https://p16-sign-va.tiktokcdn.com/tos-maliva-avt-0068/5b049050d848bc51c8e74808a08a82ff~c5_100x100.jpg?x-expires=1694923200&x-signature=%2Figc4YDAkiVRV55H3XugXQbbF6k%3D","ulisesanleu","Ya es tiempo de elecci√≥n ya la volvemos a ver lic","6-26","Responder","20"
"https://www.tiktok.com/@isehrmantraut","https://p16-sign-va.tiktokcdn.com/tos-maliva-avt-0068/54105324cd766f70cb335c64d24cfbc5~c5_100x100.jpg?x-expires=1694923200&x-signature=API3pGGo9tAtY8sULNchNpzx3Ck%3D","Isaak Ehrmantraut Zambrano","Es tiempo de elecciones, la temporada perfecta para demostrar la humildad de los pol√≠ticos üëåüèªüòõ","6-28","Responder","16"
"https://www.tiktok.com/@emmanuelcundapi","https://p16-sign-va.tiktokcdn.com/tos-maliva-avt-0068/ab84fa213a92bc0954b3fd8bfb38472b~c5_100x100.jpg?x-expires=1694923200&x-signature=c3%2BLgyee5dSpeIFIYtSg0V7HdMs%3D","xd","los mismos pol√≠ticos ..que solo vuelven a Chiapas en elecciones..","6-28","Responder","7"
"https://www.tiktok.com/@antoniobarreto9814","https://p16-sign-va.tiktokcdn.com/tos-maliva-avt-0068/7153224883307511814~c5_100x100.jpg?x-expires=1694923200&x-signature=ihlMmQcL7VaWjycUBVNEMHxONZw%3D","antoniobarreto9814","Una pregunta,
Que propuestas presento usted durante el periodo legislativo que fueran a favor de Chiapas ?
o solo se est√° colgando de AMLO","6-26","Responder","9"
"https://www.tiktok.com/@luiscarlosmx","https://p16-sign-va.tiktokcdn.com/tos-maliva-avt-0068/3e931f8dabaf0152d8d6e98b13785358~c5_100x100.jpg?x-expires=1694923200&x-signature=wwjZo4vGE4gI7A6ugnB7guDg5wk%3D","Luis Carlos","Ojal√° no gane","6-26","Responder","7"
"https://www.tiktok.com/@andrew_.420","https://p16-sign-va.tiktokcdn.com/tos-maliva-avt-0068/813dfe2a0241cb140249d60c36925554~c5_100x100.jpg?x-expires=1694923200&x-signature=Fb2Ugh1PbNH8SgYVzt13ZME2er4%3D",".","despu√©s no las va a conocer ü§£ü§£ todo mundo es as√≠ en el poder se olvidan del pobre ü§£ü§£ü§£","6-26","Responder","5"
"https://www.tiktok.com/@blackazar","https://p16-sign-sg.tiktokcdn.com/aweme/100x100/tos-alisg-avt-0068/1ae06d6582cb969bb3dbcf17edc94008.jpg?x-expires=1694923200&x-signature=WbYTjx%2FXJXOhOVPS%2FAjq2IHuByY%3D","ùîπùî∏ùïÉ‚ÑÇùî∏‚Ñ§ùî∏‚Ñù","declaro inagurada la temporada de los pol√≠ticos re humildes XDDDDDDD","7-8","Responder","0"
"https://www.tiktok.com/@enrikecardenas386","https://p16-sign-va.tiktokcdn.com/tos-maliva-avt-0068/d4de5325ca8bd75c43661b00a52d357f~c5_100x100.jpg?x-expires=1694923200&x-signature=53aocjDhBm%2Bxx%2FV7v0%2B0XjsbRUk%3D","cardenas","Jajajaja ahorita se toma fotos porque est√°n en campa√±a luego ni conocen ojal√° y no gane porque no ha hecho nada por chiapas","7-5","Responder","0"
"https://www.tiktok.com/@karlyrr","https://p16-sign-va.tiktokcdn.com/musically-maliva-obj/d61b0d9d89b3139e51ce250187a1e5d3~c5_100x100.jpg?x-expires=1694923200&x-signature=%2BvAMjZIGZh7WPKyvdateC9x8aQQ%3D","PAOLA RUIZ. PR love tambi√©n üíï","hasta que se acuerda de su pueblo,solo xq quiere otro hueso. digo ya tuve un cargo y no hizo nada por chiapas . p√≥ngase a trabajar con lo que se qdo $","7-4","Responder","0"
"https://www.tiktok.com/@luisalbertopablodiaz","https://p16-sign-va.tiktokcdn.com/tos-maliva-avt-0068/ce47ddaed3ca9dd728363d11871df3ec~c5_100x100.jpg?x-expires=1694923200&x-signature=hSU%2F0G0Owms3YtSIKaW9%2FFTr7sg%3D","Luis Alberto  Pablo Diaz","Ya vienen las elecciones y se aparecen, hip√≥critas.","6-29","Responder","2"
"https://www.tiktok.com/@anithabonita","https://p16-sign-va.tiktokcdn.com/tos-maliva-avt-0068/befd557ac01fea09169240de528b22c5~c5_100x100.jpg?x-expires=1694923200&x-signature=1o57Fe5sjD4gSXpyqceg3yfiy1g%3D","Anitha!!","ya deja de gastar nuestro dinero","6-27","Responder","4"
"https://www.tiktok.com/@lalis961","https://p16-sign-va.tiktokcdn.com/tos-maliva-avt-0068/fd58cd8904f7bf53a2fb5cd2e0d3d452~c5_100x100.jpg?x-expires=1694923200&x-signature=Nlq52PK0jqrp2wLXkI7sA0ZyegA%3D","user4043407119975","Rid√≠cula","6-27","Responder","3"
"https://www.tiktok.com/@eligamboaa","https://p16-sign-va.tiktokcdn.com/musically-maliva-obj/1594805258216454~c5_100x100.jpg?x-expires=1694923200&x-signature=9pnGUn%2B5Rt7YTQHjBUQEKJ%2FBIy8%3D","Eli Gamboa","ü•∞ü•∞ü•∞ü•∞ü•∞","6-27","Responder","0"
"https://www.tiktok.com/@tanguymoo","https://p16-sign-va.tiktokcdn.com/tos-maliva-avt-0068/4c565d565bde727ec7e3ffad809578dd~c5_100x100.jpg?x-expires=1694923200&x-signature=GYzH%2F%2FpmW6nwGSQhQQVjsgkgbkk%3D","TanguyMoo","Ridicula corrupta no ser√°s gobernadora‚Ä¶","6-27","Responder","3"
"https://www.tiktok.com/@efranserrano2","https://p16-sign-va.tiktokcdn.com/musically-maliva-obj/1658007855548422~c5_100x100.jpg?x-expires=1694923200&x-signature=qDS5IEBSWDIg0h%2FamB%2F4zbXZ0mA%3D","Efra√≠n Serrano","üòÇüòÇüòÇüòÇ","6-27","Responder","0"
"https://www.tiktok.com/@milenalopezcalzad","https://p16-sign-va.tiktokcdn.com/tos-maliva-avt-0068/7064717079303159814~c5_100x100.jpg?x-expires=1694923200&x-signature=%2FgpPzs3GaIOiffY%2Frsaktcnb0i4%3D","Milena Lopez Calzada","Ya se est√°n disfrazando de humildes.","6-27","Responder","2"
"https://www.tiktok.com/@coellopaulo","https://p16-sign-va.tiktokcdn.com/musically-maliva-obj/1662275069212677~c5_100x100.jpg?x-expires=1694923200&x-signature=TvWmk6mdWBmZj7%2Fycbe4rQrgnuI%3D","COELLO PAULO","‚ù§Ô∏èü•∞üòç","6-26","Responder","0"
"https://www.tiktok.com/@uliseslopez222","https://p16-sign-va.tiktokcdn.com/tos-maliva-avt-0068/09e784d3dc5619859138978ac6ab7b29~c5_100x100.jpg?x-expires=1694923200&x-signature=cQsjvIejpFaCQhgbCoLyxS6Wca4%3D","UlisesL","No diga mamadas ü•¥","6-26","Responder","1"
"https://www.tiktok.com/@robertosaraoz","https://p16-sign-va.tiktokcdn.com/tos-maliva-avt-0068/7121563480678727685~c5_100x100.jpg?x-expires=1694923200&x-signature=Z1oyZKqfOvGZBlSIaYoMICWVbEY%3D","robertosaraoz","Verg√ºenza no tienen estos politiqueros!","6-26","Responder","4"
"https://www.tiktok.com/@herreraignacho","https://p16-sign-va.tiktokcdn.com/tos-maliva-avt-0068/7229a03e9ef5f3f89f8c1a684960e7b4~c5_100x100.jpg?x-expires=1694923200&x-signature=XFwXH8Q7nVn%2BfbLmFdhfEZy9TXQ%3D","Herrera Ignacho","Que delicia, cuando pase por Chiapa de corzo me invita una mojarra frita, la acepto.. üòú","6-28","Responder","0"
"https://www.tiktok.com/@luigy396","https://p16-sign-va.tiktokcdn.com/tos-maliva-avt-0068/7168274429066084358~c5_100x100.jpg?x-expires=1694923200&x-signature=F2ZhaLSG%2BNnt7DkoeG0DuUXfCkU%3D","luigy396","ESTA.TIPA COMO MUCHOS DE SU TIPO,CONSIDERAN O SIGUEN CONSIDERANDO AL CHIAPANECO COMO UN IGNORANTE.POLITICO AL QUE SE LE PUEDE MANEJAR...","6-27","Responder","2"
"https://www.tiktok.com/@luigy396","https://p16-sign-va.tiktokcdn.com/tos-maliva-avt-0068/7168274429066084358~c5_100x100.jpg?x-expires=1694923200&x-signature=F2ZhaLSG%2BNnt7DkoeG0DuUXfCkU%3D","luigy396","NO LE.DEN EL.VOTO A ESTA TREPADORA DE.LA POLITICA","6-27","Responder","0"
"https://www.tiktok.com/@lalis961","https://p16-sign-va.tiktokcdn.com/tos-maliva-avt-0068/fd58cd8904f7bf53a2fb5cd2e0d3d452~c5_100x100.jpg?x-expires=1694923200&x-signature=Nlq52PK0jqrp2wLXkI7sA0ZyegA%3D","user4043407119975","Esta mujer parece como el nucu por temporada sale nadamas","6-27","Responder","2"
"https://www.tiktok.com/@javiermontufarand","https://p16-sign-va.tiktokcdn.com/tos-maliva-avt-0068/c13c808b7ac0221b8e0f28a10114ce8c~c5_100x100.jpg?x-expires=1694923200&x-signature=Ke7JY%2BJHF13DXwcp2L8XM57nsDc%3D","javiermontufarand","Ya por que es campa√±a ya aparece en las calles por q durante todooooooooooooooo el a√±o ni sus luces!","6-27","Responder","2"
"https://www.tiktok.com/@jesusjesus419","https://p16-sign-va.tiktokcdn.com/musically-maliva-obj/1660207984455685~c5_100x100.jpg?x-expires=1694923200&x-signature=LOhTVoVEO8c%2FLRlex%2Bu%2FAAtcQG4%3D","Jesus Jesus","tengo hambre invite","6-27","Responder","0"
"https://www.tiktok.com/@iyacguillen","https://p16-sign-va.tiktokcdn.com/musically-maliva-obj/1657756987798533~c5_100x100.jpg?x-expires=1694923200&x-signature=%2Fi0Q2bMIOLimBcZvrKofxWClBKE%3D","Iyac Guillen","Jajaja cuanta falsedad e hipocres√≠a.","6-27","Responder","2"
"https://www.tiktok.com/@emilyceline94","https://p16-sign-va.tiktokcdn.com/tos-maliva-avt-0068/f817d274c79c681b2235a2ab8cddcb51~c5_100x100.jpg?x-expires=1694923200&x-signature=lrJ1Qm57GrVR0b2z8p3hqhxhAdI%3D","emily","recuerdas cuando eras del Verde? eres un verg√ºenza de mujer,te acostumbraste a vivir de r√©mora.tu no representas a las mujeres de Chiapas,que poca!","6-27","Responder","4"
"https://www.tiktok.com/@coellopaulo","https://p16-sign-va.tiktokcdn.com/musically-maliva-obj/1662275069212677~c5_100x100.jpg?x-expires=1694923200&x-signature=TvWmk6mdWBmZj7%2Fycbe4rQrgnuI%3D","COELLO PAULO","üòÇü§£","6-26","Responder","0"
"https://www.tiktok.com/@luigy396","https://p16-sign-va.tiktokcdn.com/tos-maliva-avt-0068/7168274429066084358~c5_100x100.jpg?x-expires=1694923200&x-signature=F2ZhaLSG%2BNnt7DkoeG0DuUXfCkU%3D","luigy396","AYY!! SI MIRA!! ORITA ES QUE SALEN A DARSE BA√ëOS DE PUEBLO NO MAMEN!!","6-26","Responder","4"
"https://www.tiktok.com/@jazminfabiola1303","https://p16-sign-va.tiktokcdn.com/tos-maliva-avt-0068/fe66508f22d64c8a2834d679acebe727~c5_100x100.jpg?x-expires=1694923200&x-signature=p6dUcx4lPD9rtCz0L3wvJ01V9rU%3D","jazmin","ü•∞","6-26","Responder","0"
"https://www.tiktok.com/@vititopor","https://p16-sign-va.tiktokcdn.com/musically-maliva-obj/1693821643973637~c5_100x100.jpg?x-expires=1694923200&x-signature=PaP9q33Xm32pZsmzu9BCYAm2XCQ%3D","Victor Castillo2555","ü•∞","6-23","Responder","0"
"https://www.tiktok.com/@montsedeleonl","https://p16-sign-va.tiktokcdn.com/musically-maliva-obj/1662432952344581~c5_100x100.jpg?x-expires=1694923200&x-signature=C6qeeq2GVktrtRZVw2mluLJISkM%3D","Montse De Le√≥n","ü•∞ü•∞","6-22","Responder","0"
"https://www.tiktok.com/@martinmartinezare","https://p16-sign-va.tiktokcdn.com/musically-maliva-obj/1663160412446725~c5_100x100.jpg?x-expires=1694923200&x-signature=6HowRXlothRB8xFrhM3pIMBHqx0%3D","Martin Martinez Arev","solo la conozco por su propaganda espectacular con AMLO, no es buena se√±al colgarse de la imagen de AMLO y menos pagando esos espectaculares","7-4","Responder","0"
"https://www.tiktok.com/@martinfelicianoh","https://p16-sign-va.tiktokcdn.com/tos-maliva-avt-0068/c52dc16a049944b5a08ea9706732b84b~c5_100x100.jpg?x-expires=1694923200&x-signature=6XmfObC%2FXbEr%2BFvuOKn3u2ZRvRs%3D","martinfelicianoh","me gustar√≠a conocer en su trayectoria pol√≠tica los logros que ha tenido en nuestro Estado, para ver a qu√© le tiro con mi pr√≥ximo voto.","7-2","Responder","0"
"https://www.tiktok.com/@virgyluz","https://p16-sign-va.tiktokcdn.com/musically-maliva-obj/1668981919534246~c5_100x100.jpg?x-expires=1694923200&x-signature=3kL4yXd0J0USppdt5KFlmI7EyBk%3D","Virgilio Hernandez M","üòÇüòÇüòÇüòÇüòÇ","6-28","Responder","0"
"https://www.tiktok.com/@val_31050","https://p16-sign-va.tiktokcdn.com/tos-maliva-avt-0068/7101132380765126661~c5_100x100.jpg?x-expires=1694923200&x-signature=dpM%2BbabtBt4YDHZUkzdI7lIhPa4%3D","Valc","Su momento m√°s humilde","6-28","Responder","3"
"https://www.tiktok.com/@elbetovelasco","https://p16-sign-va.tiktokcdn.com/musically-maliva-obj/7004676443615526917~c5_100x100.jpg?x-expires=1694923200&x-signature=vdliE6IjhpQ%2Bnin32MNoD9ZXCAQ%3D","elbetovelasco","m√°s de lo mismo. ya no queremos otro g√ºero Velasco o inepto de Rutilio.
trae la misma vieja escuela.","6-28","Responder","0"
"https://www.tiktok.com/@agroxs","https://p16-sign-va.tiktokcdn.com/musically-maliva-obj/1660369396752389~c5_100x100.jpg?x-expires=1694923200&x-signature=UFT59Nhbjt9g0U7L%2Bex%2BLabj614%3D","Ag Roxs","ahorita micho amor a los ind√≠genas y despu√©s se olvidan del pueblo","6-28","Responder","1"
"https://www.tiktok.com/@lalis961","https://p16-sign-va.tiktokcdn.com/tos-maliva-avt-0068/fd58cd8904f7bf53a2fb5cd2e0d3d452~c5_100x100.jpg?x-expires=1694923200&x-signature=Nlq52PK0jqrp2wLXkI7sA0ZyegA%3D","user4043407119975","Ya volvi√≥ esta mujer, sin hacer nada para el pueblo, pero bien que factura","6-27","Responder","4"
"https://www.tiktok.com/@erickguillen76","https://p16-sign-va.tiktokcdn.com/tos-maliva-avt-0068/5630284a494eff03e726508bef4a2abd~c5_100x100.jpg?x-expires=1694923200&x-signature=bcZu6XXoQk9ZRcvodF%2Fql2qvJuM%3D","Frankenstein","saludos amiguita bendiciones","6-27","Responder","0"
"https://www.tiktok.com/@rexx713","https://p16-sign-va.tiktokcdn.com/musically-maliva-obj/1594805258216454~c5_100x100.jpg?x-expires=1694923200&x-signature=9pnGUn%2B5Rt7YTQHjBUQEKJ%2FBIy8%3D","rexx713","tiempo de ba√±os de puebloüòâ","6-27","Responder","0"
"https://www.tiktok.com/@daviidantoniiochamlatii","https://p16-sign-va.tiktokcdn.com/musically-maliva-obj/1676875452441606~c5_100x100.jpg?x-expires=1694923200&x-signature=5To%2F3eWF59WfsuCXy7Tn4mOzHBM%3D","Daviid ANtoniio Cham","Viene de la linia del guero, pura corrupcion","6-27","Responder","3"
"https://www.tiktok.com/@luigy396","https://p16-sign-va.tiktokcdn.com/tos-maliva-avt-0068/7168274429066084358~c5_100x100.jpg?x-expires=1694923200&x-signature=F2ZhaLSG%2BNnt7DkoeG0DuUXfCkU%3D","luigy396","OORAA RESULTAAA!!!!","6-27","Responder","1"
"https://www.tiktok.com/@joseluisgarciatru","https://p16-sign-va.tiktokcdn.com/tos-maliva-avt-0068/7085554704423321605~c5_100x100.jpg?x-expires=1694923200&x-signature=Z7tTrgv9uZfTnwfhekkx3zdmujg%3D","Joseluis Garcia Trujillo","üòÇ","6-26","Responder","0"
"https://www.tiktok.com/@luigy396","https://p16-sign-va.tiktokcdn.com/tos-maliva-avt-0068/7168274429066084358~c5_100x100.jpg?x-expires=1694923200&x-signature=F2ZhaLSG%2BNnt7DkoeG0DuUXfCkU%3D","luigy396","NI UN VOTO A ESTA SE√ëORA OPORTUNISTA CLASISTA BUENA PARA NADA!!","6-26","Responder","3"
"https://www.tiktok.com/@luigy396","https://p16-sign-va.tiktokcdn.com/tos-maliva-avt-0068/7168274429066084358~c5_100x100.jpg?x-expires=1694923200&x-signature=F2ZhaLSG%2BNnt7DkoeG0DuUXfCkU%3D","luigy396","ESTA SE√ëORA LUCE EN CHIAPAS POR SU AUSCENCIA,DEVERAS CREN AMIGOS CHIAPANECOS EN ESTA TIPA?? AHI SE LOS DEJAMOS DE TAREA..","6-26","Responder","2"
"https://www.tiktok.com/@brenic007","https://p16-sign-va.tiktokcdn.com/tos-maliva-avt-0068/7e2bb9c8200aabd104fb1b989a0089dd~c5_100x100.jpg?x-expires=1694923200&x-signature=MPttZFI8KMth2TNRUodh0CuUK7E%3D","brenic07","üòÇüòÇüòÇ","6-25","Responder","0"
"https://www.tiktok.com/@danigarrido1225","https://p16-sign-va.tiktokcdn.com/tos-maliva-avt-0068/7075772036328456198~c5_100x100.jpg?x-expires=1694923200&x-signature=ZLeHs1%2BFwW27RsR12NBoRBwVVkA%3D","Dani Garrido652","Que Humildad ü•∞ jajaja üòè","6-25","Responder","3"
"https://www.tiktok.com/@alex_madridd","https://p16-sign-va.tiktokcdn.com/tos-maliva-avt-0068/3dc2d69bb4d5ff9f2b0ce89208630aba~c5_100x100.jpg?x-expires=1694923200&x-signature=9gqiiAiCMf48%2F%2FKHBQ2keaaqwLc%3D","Alejandro A. Madrid","ü•∞","6-22","Responder","0"
"","https://p16-sign-va.tiktokcdn.com/tos-maliva-avt-0068/7143657206507831302~c5_100x100.jpeg?x-expires=1695009600&x-signature=8%2FD%2Fv0kMJKFqQZK4RYx21KLVoTA%3D","","","","",""
"https://www.tiktok.com/@alex_madridd","https://p16-sign-va.tiktokcdn.com/tos-maliva-avt-0068/3dc2d69bb4d5ff9f2b0ce89208630aba~c5_100x100.jpg?x-expires=1694923200&x-signature=9gqiiAiCMf48%2F%2FKHBQ2keaaqwLc%3D","Alejandro A. Madrid","ü•∞","2022-12-3","Responder","0"
"https://www.tiktok.com/@m_i_n_n_i_e_._","https://p16-sign-va.tiktokcdn.com/tos-maliva-avt-0068/e0dff1ac0ade9fdea53c9125475af08d~c5_100x100.jpg?x-expires=1694923200&x-signature=A7%2FHSulpIivYHTbIU%2BOQlKSB1LQ%3D","Minerva Vargaz","Te quedo hermoso!!!!!","2022-12-2","Responder","0"
"https://www.tiktok.com/@vilchiwtpxo","https://p16-sign-va.tiktokcdn.com/musically-maliva-obj/1594805258216454~c5_100x100.jpg?x-expires=1694923200&x-signature=9pnGUn%2B5Rt7YTQHjBUQEKJ%2FBIy8%3D","vilchiwtpxo","amo a mi presidente L√≥pez Obrador ü•∞ü•∞ü•∞ü•∞ü•∞ü•∞ü•∞ü•∞","2022-12-6","Responder","0"
"https://www.tiktok.com/@user1c9w6ogg50","https://p16-sign-va.tiktokcdn.com/tos-maliva-avt-0068/7104113776961519621~c5_100x100.jpg?x-expires=1694923200&x-signature=N3h27HVUsM1i09iT4mzDVs3TM8A%3D","PjMjMRNA","@PjMjMRNA:VIVA LA 4T","2022-12-5","Responder","0"
"https://www.tiktok.com/@anamariaolveranav2","https://p16-sign-va.tiktokcdn.com/tos-maliva-avt-0068/f3bbc4e249ace6035d0f32396403ffe2~c5_100x100.jpg?x-expires=1694923200&x-signature=wNv%2Fo0ym6F11QiS3sZycSrx1JoI%3D","abuelajaja","ü•∞","2022-11-28","Responder","0"
"https://www.tiktok.com/@melis4n","https://p16-sign-va.tiktokcdn.com/tos-maliva-avt-0068/6997cd64f2b5a1ca225e68539533838a~c5_100x100.jpg?x-expires=1694923200&x-signature=s7TOrBF0sMlsiDb1Gje3ZNs0M3w%3D","Meli","Gracias a todos los que asistimos ü•∞ü•∞ü•∞","2022-11-28","Responder","0"
"https://www.tiktok.com/@user6804096576979","https://p16-sign-va.tiktokcdn.com/tos-maliva-avt-0068/5242d9e043c503c3a5a8366289e314d7~c5_100x100.jpg?x-expires=1694923200&x-signature=OGsq0A%2F5HQ1eesx57V0QwJdGCi0%3D","truki","ü•∞","2022-11-28","Responder","0"
"https://www.tiktok.com/@luluveri2","https://p16-sign-va.tiktokcdn.com/tos-maliva-avt-0068/7098317643681267717~c5_100x100.jpg?x-expires=1694923200&x-signature=EJTPOMXE7%2BatP1QX2Ec1ruNj8xE%3D","Lulu Veri","VIVA AMLO VIVA MEXICO","2022-11-28","Responder","0"
"https://www.tiktok.com/@ricardonavarrete28","https://p16-sign-sg.tiktokcdn.com/aweme/100x100/tiktok-obj/1678583140578306.jpg?x-expires=1694923200&x-signature=fAeG3UKQxbGb%2BAZj2DV1OiTh77M%3D","Ricardo Navarrete","#VIVA AMLO","2022-11-28","Responder","1"
"","https://p16-sign-va.tiktokcdn.com/tos-maliva-avt-0068/7143657206507831302~c5_100x100.jpeg?x-expires=1695009600&x-signature=8%2FD%2Fv0kMJKFqQZK4RYx21KLVoTA%3D","","","","",""
"https://www.tiktok.com/@mikisaro","https://p16-sign-va.tiktokcdn.com/tos-maliva-avt-0068/1f5a77e649c1a488e0cd20f69b21103c~c5_100x100.jpg?x-expires=1694923200&x-signature=4KhMNyUxl46iVmKxpzSrZT4Nt3g%3D","mikisaro","Lic cheque su poema","2022-11-24","Responder","0"
"https://www.tiktok.com/@jazminfabiola1303","https://p16-sign-va.tiktokcdn.com/tos-maliva-avt-0068/fe66508f22d64c8a2834d679acebe727~c5_100x100.jpg?x-expires=1694923200&x-signature=p6dUcx4lPD9rtCz0L3wvJ01V9rU%3D","jazmin","#EsSasil","2022-11-6","Responder","0"
"https://www.tiktok.com/@laikasc2","https://p16-sign-va.tiktokcdn.com/tos-maliva-avt-0068/d6b30e98c9b9f852ada6f378ec1d273d~c5_100x100.jpg?x-expires=1694923200&x-signature=WD1SzhETxwxckaDbrEfrqmPyM8w%3D","laikasc2","pero porque quitaste el mural de ni√±os para poner su propaganda si era cultura üò°üò°üò°üò°üò°","2-8","Responder","0"
"https://www.tiktok.com/@m_i_n_n_i_e_._","https://p16-sign-va.tiktokcdn.com/tos-maliva-avt-0068/e0dff1ac0ade9fdea53c9125475af08d~c5_100x100.jpg?x-expires=1694923200&x-signature=A7%2FHSulpIivYHTbIU%2BOQlKSB1LQ%3D","Minerva Vargaz","Soy Chiapaneca de Coraz√≥n ‚ô•Ô∏è","2022-10-17","Responder","0"
"https://www.tiktok.com/@chasry3","https://p16-sign-va.tiktokcdn.com/musically-maliva-obj/1594805258216454~c5_100x100.jpg?x-expires=1694923200&x-signature=9pnGUn%2B5Rt7YTQHjBUQEKJ%2FBIy8%3D","user1302498610863","soy orgullosa de ser chiapaneca","2022-10-16","Responder","0"
"https://www.tiktok.com/@fanydeleon0","https://p16-sign-va.tiktokcdn.com/tos-maliva-avt-0068/06f2eaae513012a3f8a85b5443dc93e1~c5_100x100.jpg?x-expires=1694923200&x-signature=ZfNr6tnI1%2BKtlJhBMh34eiQPBnw%3D","Fany De Leon","El mejor estado","2022-10-4","Responder","0"
"https://www.tiktok.com/@lizhasy","https://p16-sign-va.tiktokcdn.com/tos-maliva-avt-0068/9d265f2eea2b1315cf09b3361accea2c~c5_100x100.jpg?x-expires=1694923200&x-signature=AW9%2FLyswr7aL0W%2BeQkh%2FAK1PxFo%3D","lizhasy","Chiapas es bello en todo !! Soy chiapaneca de coraz√≥n ‚ô•Ô∏è","2022-10-3","Responder","0"
"https://www.tiktok.com/@nahielysalinasgon","https://p16-sign-va.tiktokcdn.com/tos-maliva-avt-0068/9c2f6b0eab008df023b94c374437cc2f~c5_100x100.jpg?x-expires=1694923200&x-signature=ozCjeNiEGvSUnDDdEa7sPrgRdTA%3D","Nahiely Salinas Gonz","El estado mas hermoso! rico en fiestas, tradiciones, cultura y sobre todo nuestro extensa gastronom√≠a!!! ü´ï","2022-10-3","Responder","0"
"https://www.tiktok.com/@fanydeleon0","https://p16-sign-va.tiktokcdn.com/tos-maliva-avt-0068/06f2eaae513012a3f8a85b5443dc93e1~c5_100x100.jpg?x-expires=1694923200&x-signature=ZfNr6tnI1%2BKtlJhBMh34eiQPBnw%3D","Fany De Leon","ü´∂üèΩü´∂üèΩü´∂üèΩü´∂üèΩ","2022-10-4","Responder","0"
"","https://p16-sign-va.tiktokcdn.com/tos-maliva-avt-0068/7143657206507831302~c5_100x100.jpeg?x-expires=1695009600&x-signature=8%2FD%2Fv0kMJKFqQZK4RYx21KLVoTA%3D","","","","",""
"https://www.tiktok.com/@anto_123_05","https://p16-sign-va.tiktokcdn.com/tos-maliva-avt-0068/9b2c7a9267ea4f89786396688f7f3bdb~c5_100x100.jpg?x-expires=1694923200&x-signature=SGx%2F31YWjIlkjaq5pXoZmETFPWc%3D","üôÄüôÄ","hermosa","2022-10-3","Responder","1"
"https://www.tiktok.com/@jessicabautista9411","https://p16-sign-va.tiktokcdn.com/tos-maliva-avt-0068/7147884809397501957~c5_100x100.jpg?x-expires=1694923200&x-signature=Dy9VgO0DVNDTVGVJKSxXNK8BqYs%3D","jessicabautista9411","muy rico mole senadora , saludos desde San Crist√≥bal de las casas !!!","2022-9-26","Responder","1"
"https://www.tiktok.com/@iturbes","https://p16-sign-va.tiktokcdn.com/musically-maliva-obj/1658108887218182~c5_100x100.jpg?x-expires=1694923200&x-signature=IqK3TnU%2BJvr7xEI1sSKuLZejSqU%3D","Iturbes","üòÅüòÅ","2-7","Responder","0"
"https://www.tiktok.com/@anto_123_05","https://p16-sign-va.tiktokcdn.com/tos-maliva-avt-0068/9b2c7a9267ea4f89786396688f7f3bdb~c5_100x100.jpg?x-expires=1694923200&x-signature=SGx%2F31YWjIlkjaq5pXoZmETFPWc%3D","üôÄüôÄ","salud desde Chiapas","2022-10-3","Responder","0"
"https://www.tiktok.com/@jessicabautista9411","https://p16-sign-va.tiktokcdn.com/tos-maliva-avt-0068/7147884809397501957~c5_100x100.jpg?x-expires=1694923200&x-signature=Dy9VgO0DVNDTVGVJKSxXNK8BqYs%3D","jessicabautista9411","saludos desde San Crist√≥bal de las casas Chiapas!!!!","2022-9-26","Responder","0"
"https://www.tiktok.com/@lec_1312","https://p16-sign-va.tiktokcdn.com/tos-maliva-avt-0068/c62c65046e9525033a852158d5fceb6a~c5_100x100.jpg?x-expires=1694923200&x-signature=Jf7DyWvLAXA8pe96OjOS%2BEE5Y5U%3D","lec","Que hermosaü•∞ !!! Ya estoy lista para ir por mis ingredientes y disfrutar de la deliciosa receta üòã","2022-9-21","Responder","0"
"https://www.tiktok.com/@alex_madridd","https://p16-sign-va.tiktokcdn.com/tos-maliva-avt-0068/3dc2d69bb4d5ff9f2b0ce89208630aba~c5_100x100.jpg?x-expires=1694923200&x-signature=9gqiiAiCMf48%2F%2FKHBQ2keaaqwLc%3D","Alejandro A. Madrid","ü•∞","2022-9-21","Responder","0"
"https://www.tiktok.com/@mikisaro","https://p16-sign-va.tiktokcdn.com/tos-maliva-avt-0068/1f5a77e649c1a488e0cd20f69b21103c~c5_100x100.jpg?x-expires=1694923200&x-signature=4KhMNyUxl46iVmKxpzSrZT4Nt3g%3D","mikisaro","lic sasil le tengo un poema espero pueda llegarle a sus manos solo digame a que correo se lo puedo hacer llegar","2022-9-17","Responder","0"
"https://www.tiktok.com/@yulicruz7","https://p16-sign-va.tiktokcdn.com/musically-maliva-obj/1656454748874758~c5_100x100.jpg?x-expires=1694923200&x-signature=T2EPtMe41UMauegL9FirHRgQyHo%3D","yuli","se mira deliciosos
saludos mi senadora desde Tuxtla Guti√©rrez chiapas","2022-9-16","Responder","0"
"https://www.tiktok.com/@sayurigomezt","https://p16-sign-va.tiktokcdn.com/musically-maliva-obj/1664081848642565~c5_100x100.jpg?x-expires=1694923200&x-signature=p3k3wi4RpI%2F6FKlaFC%2FE0oOUpa0%3D","Sayuri G√≥mez","saludos desde Tapachula Chiapas!!","2022-9-16","Responder","0"
"https://www.tiktok.com/@ale23.23.2","https://p16-sign-va.tiktokcdn.com/musically-maliva-obj/1668985171168261~c5_100x100.jpg?x-expires=1694923200&x-signature=ahFnYffXoeTAHjclFzPK1DSgS4U%3D","user1828629274761","Saludos desde Mezcalapa Chiapas!!!","2022-9-15","Responder","0"
"https://www.tiktok.com/@ale23.23.2","https://p16-sign-va.tiktokcdn.com/musically-maliva-obj/1668985171168261~c5_100x100.jpg?x-expires=1694923200&x-signature=ahFnYffXoeTAHjclFzPK1DSgS4U%3D","user1828629274761","ü•∞","2022-9-15","Responder","0"
"https://www.tiktok.com/@nahielysalinasgon","https://p16-sign-va.tiktokcdn.com/tos-maliva-avt-0068/9c2f6b0eab008df023b94c374437cc2f~c5_100x100.jpg?x-expires=1694923200&x-signature=ozCjeNiEGvSUnDDdEa7sPrgRdTA%3D","Nahiely Salinas Gonz","senadora! que gusto verla en esta plataforma!!! ü•∞ü•∞ü•∞","2022-9-15","Responder","0"