"tiktok-1as5cen-DivWrapper href","tiktok-41hm0z src","tiktok-41hm0z src 2","tiktok-ie5x9-DivCardAvatar href","tiktok-1zpj2q-ImgAvatar src","user-name","ejg0rhn6 href","tiktok-1p6dp51-StrongText","ejg0rhn6 href 2","tiktok-1p6dp51-StrongText 2","ejg0rhn6 href 3","tiktok-1p6dp51-StrongText 3","ejg0rhn6 href 4","tiktok-1p6dp51-StrongText 4","tiktok-j2a19r-SpanText","ejg0rhn6 href 5","tiktok-1p6dp51-StrongText 5","ejg0rhn6 href 6","tiktok-1p6dp51-StrongText 6","e19c29qe17 src","e19c29qe17 src 2","ejg0rhn6 href 7","tiktok-1p6dp51-StrongText 7"
"https://www.tiktok.com/@santiagoxchance/video/7281573031032524037","https://p16-sign-va.tiktokcdn.com/tos-maliva-p-0068/owbC7wfhsEzTlBAAvKDoNFhUyNIoIOAgkdBqWA~tplv-photomode-zoomcover:480:480.avif?x-expires=1695898800&x-signature=Kk0JNj6Gn4qGc0FMrwbTREDxvfQ%3D","https://p16-sign-va.tiktokcdn.com/obj/tos-maliva-p-0068/owbC7wfhsEzTlBAAvKDoNFhUyNIoIOAgkdBqWA?x-expires=1695898800&x-signature=yRGovLg16GCSDhq4W%2FMUXhOtBGA%3D","https://www.tiktok.com/@santiagoxchance?lang=es","https://p16-sign-sg.tiktokcdn.com/aweme/100x100/tiktok-obj/1662574027036673.jpeg?x-expires=1695898800&x-signature=Uhgv7UFkQdtdigUDJVQpKCrnCtM%3D","santiagoxchance","https://www.tiktok.com/tag/essasil","#EsSasil","https://www.tiktok.com/tag/estiempodemujeres","#EsTiempoDeMujeres","https://www.tiktok.com/tag/sas","#SAS","","","","","","","","","","",""
"https://www.tiktok.com/@sayurigomezt/video/7276978070123334917","https://p16-sign-va.tiktokcdn.com/tos-maliva-p-0068/o0ncRRhIEBQkzxftRBfJ98PqwQJPREAHzBoRAG~tplv-photomode-zoomcover:480:480.avif?x-expires=1695898800&x-signature=6BJiHCZ3YTZYg7HqjWqGWI%2Fa95A%3D","https://p16-sign-va.tiktokcdn.com/obj/tos-maliva-p-0068/o0ncRRhIEBQkzxftRBfJ98PqwQJPREAHzBoRAG?x-expires=1695898800&x-signature=DpdBXR2MA9MQ4VKmj%2B4bKMHs7B4%3D","https://www.tiktok.com/@sayurigomezt?lang=es","https://p16-sign-va.tiktokcdn.com/musically-maliva-obj/1664081848642565~c5_100x100.jpeg?x-expires=1695898800&x-signature=Ij9KVRC8vgtMSLB3ViULxRgTN3M%3D","sayurigomezt","https://www.tiktok.com/tag/sasildeleon","#sasildeleon","https://www.tiktok.com/tag/essasil","#essasil","https://www.tiktok.com/tag/sayurigomez","#sayurigomez","https://www.tiktok.com/tag/mapastepec","#Mapastepec","","","","","","","","",""
"https://www.tiktok.com/@sayurigomezt/video/7271394797238193414","https://p16-sign-va.tiktokcdn.com/tos-maliva-p-0068/okSY1XzQEfAbIWAdmAhkuLC1gIJktIApy0wnoc~tplv-photomode-zoomcover:480:480.avif?x-expires=1695898800&x-signature=F%2B2v2Z0QuPWGbDHgTG9LIEJRPJI%3D","https://p16-sign-va.tiktokcdn.com/obj/tos-maliva-p-0068/okSY1XzQEfAbIWAdmAhkuLC1gIJktIApy0wnoc?x-expires=1695898800&x-signature=SQggWbxrFC4%2Fk8YWhgVgLDQLjew%3D","https://www.tiktok.com/@sayurigomezt?lang=es","https://p16-sign-va.tiktokcdn.com/musically-maliva-obj/1664081848642565~c5_100x100.jpeg?x-expires=1695898800&x-signature=Ij9KVRC8vgtMSLB3ViULxRgTN3M%3D","sayurigomezt","https://www.tiktok.com/tag/sasildele%C3%B3n","#sasildeleón","https://www.tiktok.com/tag/essasil","#essasil","","","","","","","","","","","","",""
"https://www.tiktok.com/@jazminfabiola1303/video/7277749377085607173","https://p16-sign-va.tiktokcdn.com/tos-maliva-p-0068/ocQgfwcZphahEhfUcPgAe1f0w7YABSQrfAwfxp~tplv-photomode-zoomcover:480:480.avif?x-expires=1695898800&x-signature=40ZEp2VS8oGXn6bZrMXWVDaq%2BQg%3D","https://p16-sign-va.tiktokcdn.com/obj/tos-maliva-p-0068/ocQgfwcZphahEhfUcPgAe1f0w7YABSQrfAwfxp?x-expires=1695898800&x-signature=uRRJgzmY%2B4JRKEsW%2BA9rRfRg8MM%3D","https://www.tiktok.com/@jazminfabiola1303?lang=es","https://p16-sign-va.tiktokcdn.com/tos-maliva-avt-0068/fe66508f22d64c8a2834d679acebe727~c5_100x100.jpeg?x-expires=1695898800&x-signature=J0WlDC4H4czIiNCBix25VnrKKpM%3D","jazminfabiola1303","https://www.tiktok.com/","@Sasil de León","https://www.tiktok.com/tag/sasildele%C3%B3n","#sasildeleón","https://www.tiktok.com/tag/senadora","#Senadora","https://www.tiktok.com/tag/chiapas","#Chiapas","Es tiempo de las mujeres.","https://www.tiktok.com/tag/essasil","#EsSasil","https://www.tiktok.com/tag/esclaudia","#EsClaudia","","","",""
"https://www.tiktok.com/@jazminfabiola1303/video/7251341025929710853","","","https://www.tiktok.com/@jazminfabiola1303?lang=es","https://p16-sign-va.tiktokcdn.com/tos-maliva-avt-0068/fe66508f22d64c8a2834d679acebe727~c5_100x100.jpeg?x-expires=1695898800&x-signature=J0WlDC4H4czIiNCBix25VnrKKpM%3D","jazminfabiola1303","https://www.tiktok.com/tag/essasil","#EsSasil","https://www.tiktok.com/tag/fyp","#fyp","https://www.tiktok.com/tag/sasildeleon","#SasildeLeon","https://www.tiktok.com/tag/viral","#viral","Es tiempo de las mujeres","https://www.tiktok.com/tag/chiapas","#Chiapas","","","https://p16-sign-va.tiktokcdn.com/tos-maliva-i-photomode-us/5cebc723ac9a404aabaaec75ed6246b1~tplv-photomode-zoomcover:480:480.avif?x-expires=1695898800&x-signature=dN9BfniwiNoJS4TT%2Fpt0ZQIOdmQ%3D","https://p16-sign-va.tiktokcdn.com/tos-maliva-i-photomode-us/5cebc723ac9a404aabaaec75ed6246b1~tplv-photomode-image.jpeg?x-expires=1695747600&x-signature=RqQnMmR%2FzSMx3aegJulKPsv%2FB68%3D","",""
"https://www.tiktok.com/@augusto.mandujano/video/7258092997600922885","https://p16-sign-va.tiktokcdn.com/tos-maliva-p-0068/oQvAEjAygo9IJaIhQhyStCGA5K2zXfIaPkB7AC~tplv-photomode-zoomcover:480:480.avif?x-expires=1695898800&x-signature=O7OFrwqSDoq90j6DC88f9jr1Vsc%3D","https://p16-sign-va.tiktokcdn.com/obj/tos-maliva-p-0068/oQvAEjAygo9IJaIhQhyStCGA5K2zXfIaPkB7AC?x-expires=1695898800&x-signature=FdkNykoK%2BAaXI8zMCH0%2Fg%2BABJcY%3D","https://www.tiktok.com/@augusto.mandujano?lang=es","https://p16-sign-va.tiktokcdn.com/tos-maliva-avt-0068/33ed8fed727bcecb8e6c057da2bf214a~c5_100x100.jpeg?x-expires=1695898800&x-signature=ltlzmWZ%2FuDB4W%2BO6EJ6XAlczOmg%3D","augusto.mandujano","https://www.tiktok.com/tag/essasil","#EsSasil","https://www.tiktok.com/tag/sasildele%C3%B3n","#sasildeleón","https://www.tiktok.com/tag/rbd","#RBD","https://www.tiktok.com/","@Sasil de León","","","","","","","","",""
"https://www.tiktok.com/@jazminfabiola1303/video/7277732890694274309","https://p16-sign-va.tiktokcdn.com/tos-maliva-p-0068/oEjIOf8f0QnRaSAAMU4gbWDRJfgWjWTCSV47sC~tplv-photomode-zoomcover:480:480.avif?x-expires=1695898800&x-signature=hkFg7dRD%2F51MwSIC9R%2FF7vDdxls%3D","https://p16-sign-va.tiktokcdn.com/obj/tos-maliva-p-0068/oEjIOf8f0QnRaSAAMU4gbWDRJfgWjWTCSV47sC?x-expires=1695898800&x-signature=aG8LCmNCl5GZSbjyq4Wu1X%2FWUHY%3D","https://www.tiktok.com/@jazminfabiola1303?lang=es","https://p16-sign-va.tiktokcdn.com/tos-maliva-avt-0068/fe66508f22d64c8a2834d679acebe727~c5_100x100.jpeg?x-expires=1695898800&x-signature=J0WlDC4H4czIiNCBix25VnrKKpM%3D","jazminfabiola1303","https://www.tiktok.com/","@Sasil de León","https://www.tiktok.com/tag/essasil","#EsSasil","https://www.tiktok.com/tag/chiapas","#Chiapas","https://www.tiktok.com/tag/senadora","#Senadora","Es tiempo de las mujeres.","https://www.tiktok.com/tag/sasildele%C3%B3n","#sasildeleón","","","","","",""
"https://www.tiktok.com/@jazminfabiola1303/video/7277754720419106053","https://p16-sign-va.tiktokcdn.com/tos-maliva-p-0068/oQAyxJ4fbACPAMnRI1FfcMggj8j88fsVoSDQCY~tplv-photomode-zoomcover:480:480.avif?x-expires=1695898800&x-signature=UUjJQa3bIdiWZXrixgulvKXMgTI%3D","https://p16-sign-va.tiktokcdn.com/obj/tos-maliva-p-0068/oQAyxJ4fbACPAMnRI1FfcMggj8j88fsVoSDQCY?x-expires=1695898800&x-signature=qYxhv2d9JgnRwiyotXErpWhs9PY%3D","https://www.tiktok.com/@jazminfabiola1303?lang=es","https://p16-sign-va.tiktokcdn.com/tos-maliva-avt-0068/fe66508f22d64c8a2834d679acebe727~c5_100x100.jpeg?x-expires=1695898800&x-signature=J0WlDC4H4czIiNCBix25VnrKKpM%3D","jazminfabiola1303","https://www.tiktok.com/","@Sasil de León","https://www.tiktok.com/tag/esclaudia","#EsClaudia","https://www.tiktok.com/tag/essasil","#EsSasil","https://www.tiktok.com/tag/chiapas","#Chiapas","Es tiempo de las mujeres.","https://www.tiktok.com/tag/senadora","#Senadora","https://www.tiktok.com/tag/sasildele%C3%B3n","#sasildeleón","","","https://www.tiktok.com/tag/chiapas","#chiapas"
"https://www.tiktok.com/@jazminfabiola1303/video/7248086956767284485","","","https://www.tiktok.com/@jazminfabiola1303?lang=es","https://p16-sign-va.tiktokcdn.com/tos-maliva-avt-0068/fe66508f22d64c8a2834d679acebe727~c5_100x100.jpeg?x-expires=1695898800&x-signature=J0WlDC4H4czIiNCBix25VnrKKpM%3D","jazminfabiola1303","https://www.tiktok.com/tag/chiapas","#Chiapas","https://www.tiktok.com/tag/viral","#viral","https://www.tiktok.com/tag/sasildeleon","#SasildeLeon","https://www.tiktok.com/tag/essasil","#EsSasil","chiapas de la mano de Sasil de León.","https://www.tiktok.com/tag/fyp","#fyp","","","https://p16-sign-va.tiktokcdn.com/tos-maliva-i-photomode-us/35b1c0ec9eba415486facedb5ef1a9ae~tplv-photomode-zoomcover:480:480.avif?x-expires=1695898800&x-signature=M0DpKD4IMozknhULO%2BEX53Pc%2Fu8%3D","https://p16-sign-va.tiktokcdn.com/tos-maliva-i-photomode-us/35b1c0ec9eba415486facedb5ef1a9ae~tplv-photomode-image.jpeg?x-expires=1695747600&x-signature=p%2Fpe59UXAjA59TOJCS9X3orOl0U%3D","",""
"https://www.tiktok.com/@jazminfabiola1303/video/7254011626402155781","https://p16-sign-va.tiktokcdn.com/tos-maliva-p-0068/osGIRfJaDeANVrBAQGAnkf1MatbOfPSrhFqbES~tplv-photomode-zoomcover:480:480.avif?x-expires=1695898800&x-signature=pnxkDaHTXxS9%2BSc%2F7GnA98NXgdA%3D","https://p16-sign-va.tiktokcdn.com/obj/tos-maliva-p-0068/osGIRfJaDeANVrBAQGAnkf1MatbOfPSrhFqbES?x-expires=1695898800&x-signature=Xj2Gt4FY4QN02%2FhFyXwD7XBdCYM%3D","https://www.tiktok.com/@jazminfabiola1303?lang=es","https://p16-sign-va.tiktokcdn.com/tos-maliva-avt-0068/fe66508f22d64c8a2834d679acebe727~c5_100x100.jpeg?x-expires=1695898800&x-signature=J0WlDC4H4czIiNCBix25VnrKKpM%3D","jazminfabiola1303","https://www.tiktok.com/tag/chiapas","#Chiapas","https://www.tiktok.com/tag/viral","#viral","https://www.tiktok.com/tag/sasildeleon","#SasildeLeon","https://www.tiktok.com/tag/fyp","#fyp","Es tiempo de las mujeres.","https://www.tiktok.com/tag/essasil","#EsSasil","","","","","",""
"https://www.tiktok.com/@jazminfabiola1303/video/7246872512582257925","https://p16-sign-va.tiktokcdn.com/tos-maliva-p-0068/oobIGShGB8KLrSkCCwgQE9oEztAafgAijAoyQI~tplv-photomode-zoomcover:480:480.avif?x-expires=1695898800&x-signature=cHmV51dBTkMmT%2FHsPZB%2B2DWccyg%3D","https://p16-sign-va.tiktokcdn.com/obj/tos-maliva-p-0068/oobIGShGB8KLrSkCCwgQE9oEztAafgAijAoyQI?x-expires=1695898800&x-signature=KJagJLAhXMGpPF8nT4qzWdNjk8E%3D","https://www.tiktok.com/@jazminfabiola1303?lang=es","https://p16-sign-va.tiktokcdn.com/tos-maliva-avt-0068/fe66508f22d64c8a2834d679acebe727~c5_100x100.jpeg?x-expires=1695898800&x-signature=J0WlDC4H4czIiNCBix25VnrKKpM%3D","jazminfabiola1303","https://www.tiktok.com/tag/essasil","#EsSasil","https://www.tiktok.com/tag/chiapas","#Chiapas","https://www.tiktok.com/tag/fyp","#fyp","https://www.tiktok.com/tag/viral","#viral","Hoy Senadora, mañana Gobernadora!","https://www.tiktok.com/@sasildeleon","@Sasil de León","","","","","",""
"https://www.tiktok.com/@jazminfabiola1303/video/7257966709166984453","https://p16-sign-va.tiktokcdn.com/tos-maliva-p-0068/oUFB0jkQyI4nWBI9QjJIXbDgeEARNBuKfW2gaI~tplv-photomode-zoomcover:480:480.avif?x-expires=1695898800&x-signature=F5jATjlnys4z3BTytvCQYb9gUiw%3D","https://p16-sign-va.tiktokcdn.com/obj/tos-maliva-p-0068/oUFB0jkQyI4nWBI9QjJIXbDgeEARNBuKfW2gaI?x-expires=1695898800&x-signature=AYBjf1EwhgiOc8bQzV6ImCNZzCU%3D","https://www.tiktok.com/@jazminfabiola1303?lang=es","https://p16-sign-va.tiktokcdn.com/tos-maliva-avt-0068/fe66508f22d64c8a2834d679acebe727~c5_100x100.jpeg?x-expires=1695898800&x-signature=J0WlDC4H4czIiNCBix25VnrKKpM%3D","jazminfabiola1303","https://www.tiktok.com/tag/essasil","#EsSasil","https://www.tiktok.com/tag/sasildeleon","#SasildeLeon","https://www.tiktok.com/tag/fyp","#fyp","https://www.tiktok.com/tag/chiapas","#Chiapas","Es tiempo de las mujeres","https://www.tiktok.com/tag/senadora","#Senadora","https://www.tiktok.com/tag/villaflores","#Villaflores","","","",""
"https://www.tiktok.com/@jazminfabiola1303/video/7248010588599749893","","","https://www.tiktok.com/@jazminfabiola1303?lang=es","https://p16-sign-va.tiktokcdn.com/tos-maliva-avt-0068/fe66508f22d64c8a2834d679acebe727~c5_100x100.jpeg?x-expires=1695898800&x-signature=J0WlDC4H4czIiNCBix25VnrKKpM%3D","jazminfabiola1303","https://www.tiktok.com/tag/chiapas","#chiapas","https://www.tiktok.com/tag/fyp","#fyp","https://www.tiktok.com/tag/viral","#viral","https://www.tiktok.com/tag/sasildeleon","#SasildeLeon","Es tiempo de las mujeres en Chiapas. Vamos con Sasil.","https://www.tiktok.com/tag/essasil","#EsSasil","https://www.tiktok.com/tag/palenque","#palenque","https://p16-sign-va.tiktokcdn.com/tos-maliva-i-photomode-us/a95a7dd0ef3d4c399eff23f1a50c1ddd~tplv-photomode-zoomcover:480:480.avif?x-expires=1695898800&x-signature=0ZOgcRDWX53SLq1WY2vikiWCs2Y%3D","https://p16-sign-va.tiktokcdn.com/tos-maliva-i-photomode-us/a95a7dd0ef3d4c399eff23f1a50c1ddd~tplv-photomode-image.jpeg?x-expires=1695747600&x-signature=MoaDJXQdpla2UabiIRmEHiOArJc%3D","",""
"https://www.tiktok.com/@jazminfabiola1303/video/7246433211432111366","","","https://www.tiktok.com/@jazminfabiola1303?lang=es","https://p16-sign-va.tiktokcdn.com/tos-maliva-avt-0068/fe66508f22d64c8a2834d679acebe727~c5_100x100.jpeg?x-expires=1695898800&x-signature=J0WlDC4H4czIiNCBix25VnrKKpM%3D","jazminfabiola1303","https://www.tiktok.com/tag/essasil","#EsSasil","https://www.tiktok.com/tag/chiapas","#Chiapas","","","","","","","","","","https://p16-sign-va.tiktokcdn.com/tos-maliva-i-photomode-us/a03336a6b134486f8321c5aef0d824f6~tplv-photomode-zoomcover:480:480.avif?x-expires=1695898800&x-signature=FUraiDSpksSi2v3UhZmm0On%2BOgo%3D","https://p16-sign-va.tiktokcdn.com/tos-maliva-i-photomode-us/a03336a6b134486f8321c5aef0d824f6~tplv-photomode-image.jpeg?x-expires=1695747600&x-signature=U1a0KueaHuDilYgCoBuEYkKDXGU%3D","",""
"https://www.tiktok.com/@jazminfabiola1303/video/7247183201146359045","","","https://www.tiktok.com/@jazminfabiola1303?lang=es","https://p16-sign-va.tiktokcdn.com/tos-maliva-avt-0068/fe66508f22d64c8a2834d679acebe727~c5_100x100.jpeg?x-expires=1695898800&x-signature=J0WlDC4H4czIiNCBix25VnrKKpM%3D","jazminfabiola1303","https://www.tiktok.com/tag/essasil","#EsSasil","https://www.tiktok.com/tag/sasildeleon","#SasildeLeon","https://www.tiktok.com/tag/viral","#viral","https://www.tiktok.com/tag/fyp","#fyp","","https://www.tiktok.com/tag/chiapas","#Chiapas","","","https://p16-sign-va.tiktokcdn.com/tos-maliva-i-photomode-us/8cb794d6a9e3463fbdcf5a120faaadf6~tplv-photomode-zoomcover:480:480.avif?x-expires=1695898800&x-signature=sCJRR%2FEiTkI8aI2sZ40SHTz0RSE%3D","https://p16-sign-va.tiktokcdn.com/tos-maliva-i-photomode-us/8cb794d6a9e3463fbdcf5a120faaadf6~tplv-photomode-image.jpeg?x-expires=1695747600&x-signature=g1Hzi%2BYxJIFWoNUkRux4fFoygbg%3D","",""
"https://www.tiktok.com/@jazminfabiola1303/video/7277945700095364358","https://p16-sign-va.tiktokcdn.com/tos-maliva-p-0068/osdIND7ngp1ClksebgKjCAABEeAPRAIDOeD0QS~tplv-photomode-zoomcover:480:480.avif?x-expires=1695898800&x-signature=61NMheM%2B7YpXKRWR4T6qRZ84RVI%3D","https://p16-sign-va.tiktokcdn.com/obj/tos-maliva-p-0068/osdIND7ngp1ClksebgKjCAABEeAPRAIDOeD0QS?x-expires=1695898800&x-signature=t%2FUpyuPwFK41KNb45Mk%2Bcy9iRe8%3D","https://www.tiktok.com/@jazminfabiola1303?lang=es","https://p16-sign-va.tiktokcdn.com/tos-maliva-avt-0068/fe66508f22d64c8a2834d679acebe727~c5_100x100.jpeg?x-expires=1695898800&x-signature=J0WlDC4H4czIiNCBix25VnrKKpM%3D","jazminfabiola1303","https://www.tiktok.com/","@Sasil de León","https://www.tiktok.com/tag/essasil","#EsSasil","https://www.tiktok.com/tag/chiapas","#chiapas","https://www.tiktok.com/tag/sasildele%C3%B3n","#sasildeleón","Es tiempo de las mujeres.","https://www.tiktok.com/tag/senadora","#Senadora","https://www.tiktok.com/tag/chiapas","#Chiapas","","","https://www.tiktok.com/tag/fyp","#fyp"
"https://www.tiktok.com/@jazminfabiola1303/video/7279668676880600326","https://p16-sign-va.tiktokcdn.com/tos-maliva-p-0068/o4zGnksFIAOgsEhvBtIlCrHg5nRH0o0DACANfy~tplv-photomode-zoomcover:480:480.avif?x-expires=1695898800&x-signature=BWYQuoFKB2v%2BgizHYs0OtfeYBtA%3D","https://p16-sign-va.tiktokcdn.com/obj/tos-maliva-p-0068/o4zGnksFIAOgsEhvBtIlCrHg5nRH0o0DACANfy?x-expires=1695898800&x-signature=FV7uyzgZ%2Bgk7DYtgzbPBx7tsOJE%3D","https://www.tiktok.com/@jazminfabiola1303?lang=es","https://p16-sign-va.tiktokcdn.com/tos-maliva-avt-0068/fe66508f22d64c8a2834d679acebe727~c5_100x100.jpeg?x-expires=1695898800&x-signature=J0WlDC4H4czIiNCBix25VnrKKpM%3D","jazminfabiola1303","https://www.tiktok.com/tag/essasil","#EsSasil","https://www.tiktok.com/tag/viral","#viral","https://www.tiktok.com/tag/fyp","#fyp","https://www.tiktok.com/tag/chiapas","#Chiapas","Es tiempo de las mujeres.","https://www.tiktok.com/tag/senadora","#Senadora","https://www.tiktok.com/tag/sasildele%C3%B3n","#sasildeleón","","","https://www.tiktok.com/tag/chiapas","#chiapas"
"https://www.tiktok.com/@jazminfabiola1303/video/7281717355351231749","https://p16-sign-va.tiktokcdn.com/tos-maliva-p-0068/14852a61b9084cfba81ff2e1a88b38b8_1695406945~tplv-photomode-zoomcover:480:480.avif?x-expires=1695898800&x-signature=mis8MwA7UK2BwTnD8MpYlLpr3E0%3D","https://p16-sign-va.tiktokcdn.com/obj/tos-maliva-p-0068/14852a61b9084cfba81ff2e1a88b38b8_1695406945?x-expires=1695898800&x-signature=SJg6zRJopMJZ2ZssDcoVkGoc3H8%3D","https://www.tiktok.com/@jazminfabiola1303?lang=es","https://p16-sign-va.tiktokcdn.com/tos-maliva-avt-0068/fe66508f22d64c8a2834d679acebe727~c5_100x100.jpeg?x-expires=1695898800&x-signature=J0WlDC4H4czIiNCBix25VnrKKpM%3D","jazminfabiola1303","https://www.tiktok.com/@sasildeleon","@Sasil de León","https://www.tiktok.com/tag/essasil","#EsSasil","https://www.tiktok.com/tag/chiapas","#chiapas","https://www.tiktok.com/tag/sasildele%C3%B3n","#sasildeleón","Es tiempo de las mujeres.","https://www.tiktok.com/tag/fyp","#FYP","https://www.tiktok.com/tag/senadora","#Senadora","","","https://www.tiktok.com/tag/chiapas","#Chiapas"
"https://www.tiktok.com/@jazminfabiola1303/video/7248031363012496645","","","https://www.tiktok.com/@jazminfabiola1303?lang=es","https://p16-sign-va.tiktokcdn.com/tos-maliva-avt-0068/fe66508f22d64c8a2834d679acebe727~c5_100x100.jpeg?x-expires=1695898800&x-signature=J0WlDC4H4czIiNCBix25VnrKKpM%3D","jazminfabiola1303","https://www.tiktok.com/tag/essasil","#EsSasil","https://www.tiktok.com/tag/palenque","#palenque","https://www.tiktok.com/tag/sasildeleon","#SasildeLeon","https://www.tiktok.com/tag/viral","#viral","Asociación Ganadera Palenque, Chiapas.","https://www.tiktok.com/tag/chiapas","#Chiapas","","","https://p16-sign-va.tiktokcdn.com/tos-maliva-i-photomode-us/71b51c066a894f39aeab1e3367a083d6~tplv-photomode-zoomcover:480:480.avif?x-expires=1695898800&x-signature=hvWsgU7fBE6QaRI55PC1CHxCHDA%3D","https://p16-sign-va.tiktokcdn.com/tos-maliva-i-photomode-us/71b51c066a894f39aeab1e3367a083d6~tplv-photomode-image.jpeg?x-expires=1695747600&x-signature=e%2FyNfCKPnlTp2qUwBuxue6rV2t0%3D","",""
"https://www.tiktok.com/@jazminfabiola1303/video/7267143628219370758","https://p16-sign-va.tiktokcdn.com/tos-maliva-p-0068/owVnEMAygoKIJLIGuh5KtAqAamCzbfOoQkNF6C~tplv-photomode-zoomcover:480:480.avif?x-expires=1695898800&x-signature=AG2H4KRIxN8hwcSuR%2BXERgpiZXk%3D","https://p16-sign-va.tiktokcdn.com/obj/tos-maliva-p-0068/owVnEMAygoKIJLIGuh5KtAqAamCzbfOoQkNF6C?x-expires=1695898800&x-signature=NCpF05jq7T9AIraPm3SQdozr32s%3D","https://www.tiktok.com/@jazminfabiola1303?lang=es","https://p16-sign-va.tiktokcdn.com/tos-maliva-avt-0068/fe66508f22d64c8a2834d679acebe727~c5_100x100.jpeg?x-expires=1695898800&x-signature=J0WlDC4H4czIiNCBix25VnrKKpM%3D","jazminfabiola1303","https://www.tiktok.com/tag/essasil","#EsSasil","https://www.tiktok.com/tag/esclaudia","#EsClaudia","https://www.tiktok.com/tag/sasildele%C3%B3n","#sasildeleón","https://www.tiktok.com/tag/senadora","#Senadora","","https://www.tiktok.com/tag/chiapas","#Chiapas","","","","","",""