"x1i10hfl href","x193iq5w","xpdipgo src","x1i10hfl","x1i10hfl href 2","_aacl","x1i10hfl 2","x1i10hfl href 3","x1i10hfl 3","x1i10hfl href 4","x1i10hfl 4","x1i10hfl href 5","x1i10hfl href 6","_a9ze","_aaqe","html-span"
"","","","","","","","","","","","","","","",""
"https://www.instagram.com/p/CyYmWCUu9UY/liked_by/","1 Me gusta","","","","","","","","","","","","","",""
"https://www.instagram.com/lideresporjaliscod18/","Ver traducci√≥n","https://instagram.fmex1-1.fna.fbcdn.net/v/t51.2885-19/386371554_6589451351124142_8318742194577879341_n.jpg?stp=dst-jpg_s150x150&_nc_ht=instagram.fmex1-1.fna.fbcdn.net&_nc_cat=110&_nc_ohc=LPf0YIPOFuAAX-oT3C7&edm=ALQROFkBAAAA&ccb=7-5&oh=00_AfC5EPlAosS7id8-wruq4wZjTZbglS7y5bJDkib0nroYGQ&oe=653390E7&_nc_sid=fc8dfb","lideresporjaliscod18","https://www.instagram.com/lideresporjaliscod18/","En Jalisco, Morena no est√° para improvisar, no hay m√°s, a construir la Transformaci√≥n de Jalisco con el liderazgo de nuestro amigo el Doctor Carlos Lomel√≠ üá±üáª....","#Lomel√≠","https://www.instagram.com/explore/tags/lomel%C3%AD/","#Lomel√≠Gobernador","https://www.instagram.com/explore/tags/lomel%C3%ADgobernador/","#DrLomeliGobernador","https://www.instagram.com/explore/tags/drlomeligobernador/","https://www.instagram.com/explore/tags/drcarloslomel%C3%ADgobernador/","2 d","",""
"https://www.instagram.com/p/CyYmWCUu9UY/","","","","","","","","","","","","","","Hace 2 d√≠as",""
"","","","","","","","","","","","","","","",""
"https://www.instagram.com/p/CyFBw-Ds7EG/liked_by/","Me gusta","","","","","","","","","","","","","","30"
"https://www.instagram.com/carloslomeli2024/","Ver traducci√≥n","https://instagram.fmex1-6.fna.fbcdn.net/v/t51.2885-19/386377407_1069514464354757_4344280065717035750_n.jpg?stp=dst-jpg_s150x150&_nc_ht=instagram.fmex1-6.fna.fbcdn.net&_nc_cat=105&_nc_ohc=7spPpF9M_wAAX-ifAub&edm=ALQROFkBAAAA&ccb=7-5&oh=00_AfD-J5-0vo8g28CCNEOQdM8jGx1tKjIRNOJJFGG84ZNYRA&oe=65333CB3&_nc_sid=fc8dfb","carloslomeli2024","https://www.instagram.com/carloslomeli2024/","Por la coordinaci√≥n de la defensa de la  en","#DrCarlosLomeli","https://www.instagram.com/explore/tags/drcarloslomeli/","#CuartaTransformaci√≥n","https://www.instagram.com/explore/tags/cuartatransformaci%C3%B3n/","#Jalisco","https://www.instagram.com/explore/tags/jalisco/","","1 sem","",""
"https://www.instagram.com/p/CyFBw-Ds7EG/","","","","","","","","","","","","","","6 de octubre",""
"","","","","","","","","","","","","","","","21"
"https://www.instagram.com/mesaderedaccion4/","Ver traducci√≥n","https://instagram.fmex1-4.fna.fbcdn.net/v/t51.2885-19/391350681_1106410037439079_2479585629742233363_n.jpg?stp=dst-jpg_s150x150&_nc_ht=instagram.fmex1-4.fna.fbcdn.net&_nc_cat=107&_nc_ohc=O2R3ZfZ2lH0AX-6rDSP&edm=ALQROFkBAAAA&ccb=7-5&oh=00_AfDfq84lSdcLSvkXOHOkjSayAw6HhHGLFG5dtqEUbaj42Q&oe=6531E33C&_nc_sid=fc8dfb","mesaderedaccion4","https://www.instagram.com/mesaderedaccion4/","La situaci√≥n de Carlos Lomel√≠ la resolver√° el Tribunal de materia Administrativahttp://mesaderedaccion.com/la-situacion-de-carlos-lomeli-la-resolvera-el-tribunal-de-materia-administrativa/","#DrCarlosLomeli","https://www.instagram.com/explore/tags/drcarloslomeli/","","","","","","194 sem","",""
"https://www.instagram.com/p/B7q6YRblD49/","","","","","","","","","","","","","","23 de enero de 2020",""
"https://www.instagram.com/p/CoXx0HlA_Pk/liked_by/","Me gusta","","","","","","","","","","","","","","59"
"https://www.instagram.com/drcarloslomeli/","Ver traducci√≥n","https://instagram.fmex1-6.fna.fbcdn.net/v/t51.2885-19/377280327_842437724141956_2627779337152209387_n.jpg?stp=dst-jpg_s150x150&_nc_ht=instagram.fmex1-6.fna.fbcdn.net&_nc_cat=104&_nc_ohc=b5AUPq10LpYAX_DSIns&edm=ALQROFkBAAAA&ccb=7-5&oh=00_AfCbdG_6CXGKWl1F5azeH1NaU8riU2abvbFP9KsRFisopw&oe=6531E74E&_nc_sid=fc8dfb","drcarloslomeli","https://www.instagram.com/drcarloslomeli/","En nuestra ma√±anera dimos voz a un grupo de vecinos de diferentes colonias que viven abusos y corrupci√≥n por parte de servidores p√∫blicos del Ayuntamiento de Guadalajara.Estamos en pie de lucha con ellos, hasta que la dignidad se haga costumbre.","#Guadalajara","https://www.instagram.com/explore/tags/guadalajara/","#Mexico","https://www.instagram.com/explore/tags/mexico/","#Pol√≠tica","https://www.instagram.com/explore/tags/pol%C3%ADtica/","https://www.instagram.com/explore/tags/drcarloslomeli/","35 sem","",""
"https://www.instagram.com/p/CoXx0HlA_Pk/","","","","","","","","","","","","","","7 de febrero",""
"https://www.instagram.com/p/CtB51UlN_K3/liked_by/","Me gusta","","","","","","","","","","","","","","6"
"https://www.instagram.com/alberto0_s/","Ver traducci√≥n","https://instagram.fmex1-1.fna.fbcdn.net/v/t51.2885-19/358049833_9561667123905942_2544672857848409848_n.jpg?stp=dst-jpg_s150x150&_nc_ht=instagram.fmex1-1.fna.fbcdn.net&_nc_cat=106&_nc_ohc=DMdKUXPaj4QAX_6cd10&edm=ALQROFkBAAAA&ccb=7-5&oh=00_AfAjdeENHdw-jHr0LHPsQQJCx7KRHC3r6UcR1DgdikDhIg&oe=653317D5&_nc_sid=fc8dfb","alberto0_s","https://www.instagram.com/alberto0_s/","Que esta en juego este 4 de Junio en las elecckones del  entre y  ? Quienes son las corcholatas de jalisco","#EstadoDeM√©xico","https://www.instagram.com/explore/tags/estadodem%C3%A9xico/","#Delfina","https://www.instagram.com/explore/tags/delfina/","#AlejandraDelMoral","https://www.instagram.com/explore/tags/alejandradelmoral/","https://www.instagram.com/explore/tags/chemamartinez/","19 sem","",""
"https://www.instagram.com/p/CtB51UlN_K3/","","","","","","","","","","","","","","3 de junio",""
"https://www.instagram.com/p/CL7PWhanX-L/liked_by/","Me gusta","","","","","","","","","","","","","","50"
"https://www.instagram.com/rodolfopedrero.guerra/","Ver traducci√≥n","https://instagram.fmex1-5.fna.fbcdn.net/v/t51.2885-19/349127562_1183018405695625_3408245614568871465_n.jpg?stp=dst-jpg_s150x150&_nc_ht=instagram.fmex1-5.fna.fbcdn.net&_nc_cat=101&_nc_ohc=gmQI4xuCkAYAX_zTxxp&edm=ALQROFkBAAAA&ccb=7-5&oh=00_AfByC17rfH-5bcvljPGcBICByok__2fbVfHOJd0mF0QS0A&oe=653248F3&_nc_sid=fc8dfb","rodolfopedrero.guerra","https://www.instagram.com/rodolfopedrero.guerra/","Me siento muy afortunado de conocer y trabajar de la mano con personas tan comprometidas yenfocadas en el bien de nuestra .","#comunidad","https://www.instagram.com/explore/tags/comunidad/","#479GDL","https://www.instagram.com/explore/tags/479gdl/","#RodolfoPedrero","https://www.instagram.com/explore/tags/rodolfopedrero/","https://www.instagram.com/explore/tags/felizlunes/","136 sem","",""
"https://www.instagram.com/p/CL7PWhanX-L/","","","","","","","","","","","","","","2 de marzo de 2021",""
"https://www.instagram.com/p/BkGYQeUFP7q/liked_by/","Me gusta","","","","","","","","","","","","","","4"
"https://www.instagram.com/el_parris_rafa_olmos/","Ver traducci√≥n","https://instagram.fmex1-1.fna.fbcdn.net/v/t51.2885-19/327157650_155933507232070_8892319609938895596_n.jpg?stp=dst-jpg_s150x150&_nc_ht=instagram.fmex1-1.fna.fbcdn.net&_nc_cat=110&_nc_ohc=Eghmdlml30sAX9x0XkG&edm=ALQROFkBAAAA&ccb=7-5&oh=00_AfCNeN6IlaqIInZOcfEHqdQNeAGFr89FdQo6yEQVsLpUWA&oe=65330C78&_nc_sid=fc8dfb","el_parris_rafa_olmos","https://www.instagram.com/el_parris_rafa_olmos/","Creo que en jalisco el 1 de julio tendra gobernador de morena","#drcarloslomeli","https://www.instagram.com/explore/tags/drcarloslomeli/","#sivotasporamlovotalomeli","https://www.instagram.com/explore/tags/sivotasporamlovotalomeli/","","","","278 sem","",""
"https://www.instagram.com/p/BkGYQeUFP7q/","","","","","","","","","","","","","","16 de junio de 2018",""
"https://www.instagram.com/p/BkZKe5cFgdB/liked_by/","Me gusta","","","","","","","","","","","","","","9"
"https://www.instagram.com/raulortegasolis/","Ver traducci√≥n","https://instagram.fmex1-4.fna.fbcdn.net/v/t51.2885-19/344149235_204811805688547_5498974578138822185_n.jpg?stp=dst-jpg_s150x150&_nc_ht=instagram.fmex1-4.fna.fbcdn.net&_nc_cat=107&_nc_ohc=G_CDBwA9ZGIAX9vago8&edm=ALQROFkBAAAA&ccb=7-5&oh=00_AfAc5_11-g57VGX9SE5_LUekNb9FZP9rTgw7G0S4X7lBqg&oe=653260AE&_nc_sid=fc8dfb","raulortegasolis","https://www.instagram.com/raulortegasolis/","Una fiesta c√≠vica el cierre de campa√±a en Zapopan  presidente  diputado local  diputada federal  Gobernador  presidente municipal","#AMLO","https://www.instagram.com/explore/tags/amlo/","#Jos√©Manuel","https://www.instagram.com/explore/tags/jos%C3%A9manuel/","#Carla","https://www.instagram.com/explore/tags/carla/","https://www.instagram.com/explore/tags/drcarloslomeli/","277 sem","",""
"https://www.instagram.com/p/BkZKe5cFgdB/","","","","","","","","","","","","","","23 de junio de 2018",""
"https://www.instagram.com/p/BbShOb2Bjua/liked_by/","Me gusta","","","","","","","","","","","","","","10"
"https://www.instagram.com/jorgefrias91/","Ver traducci√≥n","https://instagram.fmex1-6.fna.fbcdn.net/v/t51.2885-19/280710941_966279197304197_7841583457870126618_n.jpg?stp=dst-jpg_s150x150&_nc_ht=instagram.fmex1-6.fna.fbcdn.net&_nc_cat=105&_nc_ohc=bZiEzcPLyLwAX9pifv7&edm=ALQROFkBAAAA&ccb=7-5&oh=00_AfD4aFo-ZkiaMAG-_AMmBxXBfYAs4hySrqwmOYEMjnMYeA&oe=6532B88B&_nc_sid=fc8dfb","jorgefrias91","https://www.instagram.com/jorgefrias91/","Prosperando para un mejor Zapopan üí™üèª","#EspaciosHumanos","https://www.instagram.com/explore/tags/espacioshumanos/","#DrCarlosLomeli","https://www.instagram.com/explore/tags/drcarloslomeli/","","","","309 sem","",""
"https://www.instagram.com/p/BbShOb2Bjua/","","","","","","","","","","","","","","9 de noviembre de 2017",""
"https://www.instagram.com/p/BhF_IX9gjeF/liked_by/","Me gusta","","","","","","","","","","","","","","180"
"https://www.instagram.com/izcallifuentes/","Ver traducci√≥n","https://instagram.fmex1-4.fna.fbcdn.net/v/t51.2885-19/335527299_6715849851762992_6507758205026735857_n.jpg?stp=dst-jpg_s150x150&_nc_ht=instagram.fmex1-4.fna.fbcdn.net&_nc_cat=108&_nc_ohc=ZmE09YxzBHUAX_ZoG4q&edm=ALQROFkBAAAA&ccb=7-5&oh=00_AfCRuOq65X8BG5_KTm0N9oMjkQpeZT0fDDqVezwqhhhkWQ&oe=6532AD73&_nc_sid=fc8dfb","izcallifuentes","https://www.instagram.com/izcallifuentes/","Yo y mis gestos de atenci√≥n en la apertura de campa√±a de  . Foto: Alberto.","#drcarloslomeli","https://www.instagram.com/explore/tags/drcarloslomeli/","#morenaJalisco","https://www.instagram.com/explore/tags/morenajalisco/","julietellez","https://www.instagram.com/julietellez/","https://www.instagram.com/julietellez/","288 sem","",""
"https://www.instagram.com/p/BhF_IX9gjeF/","","","","","","","","","","","","","","2 de abril de 2018",""
"https://www.instagram.com/p/BUJ-lF9jUdF/liked_by/","Me gusta","","","","","","","","","","","","","","8"
"https://www.instagram.com/captain.kevv/","Ver traducci√≥n","https://instagram.fmex1-4.fna.fbcdn.net/v/t51.2885-19/372882780_822267069649676_5197229568989106222_n.jpg?stp=dst-jpg_s150x150&_nc_ht=instagram.fmex1-4.fna.fbcdn.net&_nc_cat=108&_nc_ohc=bxtiWtjWy50AX8mc960&edm=ALQROFkBAAAA&ccb=7-5&oh=00_AfBi2hKw9gdDBp4q5hRAb5jVj8sKHQE8fw9n7icT_Qx9Aw&oe=65329D02&_nc_sid=fc8dfb","captain.kevv","https://www.instagram.com/captain.kevv/","Sangre Zapata !! Por que este gallo les canta en su gallinero!","#Morena","https://www.instagram.com/explore/tags/morena/","#DrCarlosLomeli","https://www.instagram.com/explore/tags/drcarloslomeli/","#EntuCasaPe√±aNieto","https://www.instagram.com/explore/tags/entucasape%C3%B1anieto/","","334 sem","",""
"https://www.instagram.com/p/BUJ-lF9jUdF/","","","","","","","","","","","","","","16 de mayo de 2017",""
"https://www.instagram.com/p/CIe7Ig5h66P/liked_by/","Me gusta","","","","","","","","","","","","","","19"
"https://www.instagram.com/ricardo.delatorre22/","Ver traducci√≥n","https://instagram.fmex1-6.fna.fbcdn.net/v/t51.2885-19/375524086_977374283527060_3808826307008739113_n.jpg?stp=dst-jpg_s150x150&_nc_ht=instagram.fmex1-6.fna.fbcdn.net&_nc_cat=104&_nc_ohc=PSonrUOi84YAX8fF1Rk&edm=ALQROFkBAAAA&ccb=7-5&oh=00_AfCABqi3KyxrQWSInZxWJFDXOy4TqK3_O4_SvhPLftCAPQ&oe=6532046B&_nc_sid=fc8dfb","ricardo.delatorre22","https://www.instagram.com/ricardo.delatorre22/","üëâEstuvimos presentes en la colonia ferrocarril en el poligo las v√≠as.üí•Colonia Abandonada y olvidada por el gobierno municipal y estatal.üí•üëâLa contingencia sanitaria, dej√≥ a muchas familias de esta comunidad  sin trabajo y con esto sin seguridad social, adem√°s sin recursos para poder solventar los gastos m√©dicos si se presenta una enfermadad.üëâPor tal motivo nos comprometimos a apoyar a la comunidad en general y con ello llevaremos a cabo en los pr√≥ximos d√≠as una jornada de salud. ü§ùüë®‚Äç‚öïÔ∏èü§ùGracias al apoyo del DR. CARLOS LOMEL√ç, no est√°n solos y seguimos trabajando!!!ü§ù","#ricardovivirparaservir","https://www.instagram.com/explore/tags/ricardovivirparaservir/","#drcarloslomeli","https://www.instagram.com/explore/tags/drcarloslomeli/","#VivirParaServir","https://www.instagram.com/explore/tags/vivirparaservir/","","149 sem","",""
"https://www.instagram.com/p/CIe7Ig5h66P/","","","","","","","","","","","","","","6 de diciembre de 2020",""
"https://www.instagram.com/p/BkZB7JtFbVW/liked_by/","Me gusta","","","","","","","","","","","","","","10"
"https://www.instagram.com/raulortegasolis/","Ver traducci√≥n","https://instagram.fmex1-4.fna.fbcdn.net/v/t51.2885-19/344149235_204811805688547_5498974578138822185_n.jpg?stp=dst-jpg_s150x150&_nc_ht=instagram.fmex1-4.fna.fbcdn.net&_nc_cat=107&_nc_ohc=G_CDBwA9ZGIAX9vago8&edm=ALQROFkBAAAA&ccb=7-5&oh=00_AfAc5_11-g57VGX9SE5_LUekNb9FZP9rTgw7G0S4X7lBqg&oe=653260AE&_nc_sid=fc8dfb","raulortegasolis","https://www.instagram.com/raulortegasolis/","Cierre de campa√±a en Zapopan  Presidente  # presidente municipal","#AMLO","https://www.instagram.com/explore/tags/amlo/","#drcarloslomeli","https://www.instagram.com/explore/tags/drcarloslomeli/","#HiramTorres","https://www.instagram.com/explore/tags/hiramtorres/","","277 sem","",""
"https://www.instagram.com/p/BkZB7JtFbVW/","","","","","","","","","","","","","","23 de junio de 2018",""
"https://www.instagram.com/p/BW-xMzdA-3X/liked_by/","Me gusta","","","","","","","","","","","","","","7"
"https://www.instagram.com/claudiolofres/","Ver traducci√≥n","https://instagram.fmex1-5.fna.fbcdn.net/v/t51.2885-19/323808448_2375906155921503_3669841772817102718_n.jpg?stp=dst-jpg_s150x150&_nc_ht=instagram.fmex1-5.fna.fbcdn.net&_nc_cat=103&_nc_ohc=1KS0Vv0KBvEAX_6NmAu&edm=ALQROFkBAAAA&ccb=7-5&oh=00_AfCELstTBlsIqD7S4m8oECssSNgUgCgtnKR6mGqPdVaaBA&oe=653217F1&_nc_sid=fc8dfb","claudiolofres","https://www.instagram.com/claudiolofres/","Parque entregado.Col. El Vigia, Zapopan","#EspaciosHumanos","https://www.instagram.com/explore/tags/espacioshumanos/","#drcarloslomeli","https://www.instagram.com/explore/tags/drcarloslomeli/","#mexicomeuno","https://www.instagram.com/explore/tags/mexicomeuno/","","324 sem","",""
"https://www.instagram.com/p/BW-xMzdA-3X/","","","","","","","","","","","","","","25 de julio de 2017",""
"https://www.instagram.com/p/CJFjPpFh3et/liked_by/","Me gusta","","","","","","","","","","","","","","14"
"https://www.instagram.com/ricardo.delatorre22/","Ver traducci√≥n","https://instagram.fmex1-6.fna.fbcdn.net/v/t51.2885-19/375524086_977374283527060_3808826307008739113_n.jpg?stp=dst-jpg_s150x150&_nc_ht=instagram.fmex1-6.fna.fbcdn.net&_nc_cat=104&_nc_ohc=PSonrUOi84YAX8fF1Rk&edm=AId3EpQBAAAA&ccb=7-5&oh=00_AfBJdlHW1sKAFzE9U6BS7cYm6wAX_ELdgvJ9XLNWAejBgg&oe=6532046B&_nc_sid=f5838a","ricardo.delatorre22","https://www.instagram.com/ricardo.delatorre22/","üëâCon todas la medidas sanitarias, realizamos a trav√©s de las asociacion civil  la tradicional posada en la colonia Primero de Mayo y sus alrededores.‚òÉÔ∏èüéÖü§∂üéÑüéÅüß∏‚òÉÔ∏èüéÖüéÑNuestro prop√≥sito es llevar  y  en tiempos dif√≠ciles y sobre todo no perder esta tradici√≥n en √©pocas de sembrina.‚õÑüéÑüéÖüëâüéÖGracias a todos los que se dieron cita.ü§ù","#creandolazosdebienestar","https://www.instagram.com/explore/tags/creandolazosdebienestar/","#alegr√≠a","https://www.instagram.com/explore/tags/alegr%C3%ADa/","#esperanza","https://www.instagram.com/explore/tags/esperanza/","https://www.instagram.com/explore/tags/ricardovivirparaservir/","146 sem","",""
"https://www.instagram.com/p/CJFjPpFh3et/","","","","","","","","","","","","","","21 de diciembre de 2020",""
"https://www.instagram.com/p/CCAIUqzJmtJ/liked_by/","Me gusta","","","","","","","","","","","","","","8"
"https://www.instagram.com/vallartabanderas/","Ver traducci√≥n","https://instagram.fmex1-6.fna.fbcdn.net/v/t51.2885-19/83895620_632078700956813_5752236402314051584_n.jpg?stp=dst-jpg_s150x150&_nc_ht=instagram.fmex1-6.fna.fbcdn.net&_nc_cat=105&_nc_ohc=egIIyLdW2ZsAX8Eic2_&edm=ALQROFkBAAAA&ccb=7-5&oh=00_AfCipgO9y2QPWqgkjbFVTaSHRz7iilesPL29oi5m_M4Ttw&oe=6533AAA3&_nc_sid=fc8dfb","vallartabanderas","https://www.instagram.com/vallartabanderas/","MORENA redobla cr√≠ticas contra Paco S√°nchez.‚Ä¢‚Ä¢‚Ä¢‚Ä¢‚Ä¢","#morena","https://www.instagram.com/explore/tags/morena/","#4transformacion","https://www.instagram.com/explore/tags/4transformacion/","#amlo","https://www.instagram.com/explore/tags/amlo/","https://www.instagram.com/explore/tags/cuartatransformaci%C3%B3n/","163 sem","",""
"https://www.instagram.com/p/CCAIUqzJmtJ/","","","","","","","","","","","","","","28 de junio de 2020",""
"https://www.instagram.com/p/CbAs3k3uUnn/liked_by/","Me gusta","","","","","","","","","","","","","","9"
"https://www.instagram.com/vallartabanderas/","Ver traducci√≥n","https://instagram.fmex1-6.fna.fbcdn.net/v/t51.2885-19/83895620_632078700956813_5752236402314051584_n.jpg?stp=dst-jpg_s150x150&_nc_ht=instagram.fmex1-6.fna.fbcdn.net&_nc_cat=105&_nc_ohc=egIIyLdW2ZsAX8Eic2_&edm=ALQROFkBAAAA&ccb=7-5&oh=00_AfCipgO9y2QPWqgkjbFVTaSHRz7iilesPL29oi5m_M4Ttw&oe=6533AAA3&_nc_sid=fc8dfb","vallartabanderas","https://www.instagram.com/vallartabanderas/","Por primera vez, con humildad y valent√≠a,  se someter√° a la , asegura  en .El edil de  inici√≥ en esta ciudad su gira para respaldar el proyecto de naci√≥n bajo la 4T.Informaci√≥n en proceso. ‚Ä¢‚Ä¢‚Ä¢","#AMLO","https://www.instagram.com/explore/tags/amlo/","#Revocaci√≥ndeMandato","https://www.instagram.com/explore/tags/revocaci%C3%B3ndemandato/","#PuertoVallarta","https://www.instagram.com/explore/tags/puertovallarta/","https://www.instagram.com/explore/tags/morenaguadalajara/","83 sem","",""
"https://www.instagram.com/p/CbAs3k3uUnn/","","","","","","","","","","","","","","12 de marzo de 2022",""
"https://www.instagram.com/p/BfG7lbUH4hd/liked_by/","Me gusta","","","","","","","","","","","","","","38"
"https://www.instagram.com/alex.lopez.ibarra/","Ver traducci√≥n","https://instagram.fmex1-6.fna.fbcdn.net/v/t51.2885-19/327480273_497062432612108_5440573186566047298_n.jpg?stp=dst-jpg_s150x150&_nc_ht=instagram.fmex1-6.fna.fbcdn.net&_nc_cat=104&_nc_ohc=b5YKYUmF_hUAX_iry6g&edm=ALQROFkBAAAA&ccb=7-5&oh=00_AfCVNr7oKbDWkPKXIsaJmpdES7Y4-i5UagLHcLKImTYsvw&oe=6532DCC4&_nc_sid=fc8dfb","alex.lopez.ibarra","https://www.instagram.com/alex.lopez.ibarra/","Ayer fue un magn√≠fico d√≠a !! Cierre de campa√±a de  y el","#AMLO","https://www.instagram.com/explore/tags/amlo/","#DrCarlosLomeli","https://www.instagram.com/explore/tags/drcarloslomeli/","#Morena2018","https://www.instagram.com/explore/tags/morena2018/","","296 sem","",""
"https://www.instagram.com/p/BfG7lbUH4hd/","","","","","","","","","","","","","","12 de febrero de 2018",""
"https://www.instagram.com/p/CIoPDu7Borc/liked_by/","Me gusta","","","","","","","","","","","","","","21"
"https://www.instagram.com/ricardo.delatorre22/","Ver traducci√≥n","https://instagram.fmex1-6.fna.fbcdn.net/v/t51.2885-19/375524086_977374283527060_3808826307008739113_n.jpg?stp=dst-jpg_s150x150&_nc_ht=instagram.fmex1-6.fna.fbcdn.net&_nc_cat=104&_nc_ohc=PSonrUOi84YAX8fF1Rk&edm=AId3EpQBAAAA&ccb=7-5&oh=00_AfBJdlHW1sKAFzE9U6BS7cYm6wAX_ELdgvJ9XLNWAejBgg&oe=6532046B&_nc_sid=f5838a","ricardo.delatorre22","https://www.instagram.com/ricardo.delatorre22/","üéÖLunes 7 de diciembre 2020.üéÖüëâCon todas la medidas sanitarias, realizamos a trav√©s de las asociacion civil  la tradicional posada en la colonia Nueva Santa maria y sus alrededores.‚òÉÔ∏èüéÖü§∂üéÑüéÅüß∏‚òÉÔ∏èüéÖüéÑNuestro prop√≥sito es llevar  y  en tiempos dif√≠ciles y sobre todo no perder esta tradici√≥n en √©pocas de sembrina.‚õÑüéÑüéÖüëâüéÖGracias a todos los que se dieron cita.ü§ù","#creandolazosdebienestar","https://www.instagram.com/explore/tags/creandolazosdebienestar/","#alegr√≠a","https://www.instagram.com/explore/tags/alegr%C3%ADa/","#esperanza","https://www.instagram.com/explore/tags/esperanza/","https://www.instagram.com/explore/tags/ricardovivirparaservir/","148 sem","",""
"https://www.instagram.com/p/CIoPDu7Borc/","","","","","","","","","","","","","","10 de diciembre de 2020",""
"https://www.instagram.com/p/CJL85A2BTVR/liked_by/","Me gusta","","","","","","","","","","","","","","17"
"https://www.instagram.com/ricardo.delatorre22/","Ver traducci√≥n","https://instagram.fmex1-6.fna.fbcdn.net/v/t51.2885-19/375524086_977374283527060_3808826307008739113_n.jpg?stp=dst-jpg_s150x150&_nc_ht=instagram.fmex1-6.fna.fbcdn.net&_nc_cat=104&_nc_ohc=PSonrUOi84YAX8fF1Rk&edm=ALQROFkBAAAA&ccb=7-5&oh=00_AfCABqi3KyxrQWSInZxWJFDXOy4TqK3_O4_SvhPLftCAPQ&oe=6532046B&_nc_sid=fc8dfb","ricardo.delatorre22","https://www.instagram.com/ricardo.delatorre22/","üëâHoy estuvimos presentes en la colonia que me vio crecer üë®‚Äçüë¶üèÉ‚Äç‚ôÇÔ∏è, es para mi muy grato el poder compartir estos momentos cerca de los miosü§ùüëâCon todas la medidas sanitarias, realizamos a trav√©s de las asociacion civil  la tradicional posada en la colonia La Nogalera.‚òÉÔ∏èüéÖü§∂üéÑüéÅüß∏‚òÉÔ∏èüéÖüéÑNuestro prop√≥sito es llevar  y  en tiempos dif√≠ciles y sobre todo no perder esta tradici√≥n en √©pocas de sembrina.‚õÑüéÑüéÖüëâüéÖGracias a todos los que se dieron cita.ü§ù","#creandolazosdebienestar","https://www.instagram.com/explore/tags/creandolazosdebienestar/","#alegr√≠a","https://www.instagram.com/explore/tags/alegr%C3%ADa/","#esperanza","https://www.instagram.com/explore/tags/esperanza/","https://www.instagram.com/explore/tags/ricardovivirparaservir/","146 sem","",""
"https://www.instagram.com/p/CJL85A2BTVR/","","","","","","","","","","","","","","24 de diciembre de 2020",""
"https://www.instagram.com/p/BhPAvbtnEb3/liked_by/","Me gusta","","","","","","","","","","","","","","22"
"https://www.instagram.com/jessica_torres.oficial/","Ver traducci√≥n","https://instagram.fmex1-4.fna.fbcdn.net/v/t51.2885-19/312007939_211189711245955_4870472990014609431_n.jpg?stp=dst-jpg_s150x150&_nc_ht=instagram.fmex1-4.fna.fbcdn.net&_nc_cat=107&_nc_ohc=ZpRG5qOqXaMAX-3k5ub&edm=AId3EpQBAAAA&ccb=7-5&oh=00_AfCJuhf06eZEml7bGGH6W1ttLZL7qf1ykw7i_yEKnLXmbQ&oe=653371A5&_nc_sid=f5838a","jessica_torres.oficial","https://www.instagram.com/jessica_torres.oficial/","JALISCO TIENE ESPERANZA!!!  gobernador üëèüèºüëèüèºüëèüèºüëèüèºüíØüá≤üáΩ üòÑAYER TOCO DISTRITO 13 DONDE CONTAMOS CON EXCELENTES REPRESENTANTES QUE SEGURO HAR√ÅN UN GRAN TRABAJO!!!  üëèüèºüëèüèºüëèüèº  üëèüèºüëèüèºüëèüèºüíØüá≤üáΩüòÑ","#DRCarlosLomeli","https://www.instagram.com/explore/tags/drcarloslomeli/","#alexlopezdistrito13","https://www.instagram.com/explore/tags/alexlopezdistrito13/","","","","288 sem","",""
"https://www.instagram.com/p/BhPAvbtnEb3/","","","","","","","","","","","","","","6 de abril de 2018",""
"https://www.instagram.com/p/BoOB0vRA4zm/liked_by/","Me gusta","","","","","","","","","","","","","","14"
"https://www.instagram.com/jessica_torres.oficial/","Ver traducci√≥n","https://instagram.fmex1-4.fna.fbcdn.net/v/t51.2885-19/312007939_211189711245955_4870472990014609431_n.jpg?stp=dst-jpg_s150x150&_nc_ht=instagram.fmex1-4.fna.fbcdn.net&_nc_cat=107&_nc_ohc=ZpRG5qOqXaMAX-3k5ub&edm=ALQROFkBAAAA&ccb=7-5&oh=00_AfDFy48k7jgHXfkfzVs5olRMKQmzWZUSAgcijqvT4CqG0w&oe=653371A5&_nc_sid=fc8dfb","jessica_torres.oficial","https://www.instagram.com/jessica_torres.oficial/","Hoy en el  se llev√≥ a cabo el  donde estuvieron el rector de la UDG, nuestro coordinador estatal de Programas Federales el  y el Secretario de Educaci√≥n  propuesto por nuestro presidente electo  . Fue un foro bastante nutrido donde fueron expuestas propuestas de maestros , estudiantes y personas interesadas en el avance y desarrollo educativo, d√≥nde quedo hubo mucho en que para ""avanzar todos tenemos que participar"". Vamos por un excelente camino rumbo a la transici√≥n de M√©xico y Jalisco.","#Coliseoolimpico","https://www.instagram.com/explore/tags/coliseoolimpico/","#ForodeconsultaestatalparticipativaenJalisco","https://www.instagram.com/explore/tags/forodeconsultaestatalparticipativaenjalisco/","#DrCarlosLomeli","https://www.instagram.com/explore/tags/drcarloslomeli/","https://www.instagram.com/explore/tags/estebanmoctezumabarragan/","263 sem","",""
"https://www.instagram.com/p/BoOB0vRA4zm/","","","","","","","","","","","","","","27 de septiembre de 2018",""
"https://www.instagram.com/p/CLzeEr9ha4W/liked_by/","Me gusta","","","","","","","","","","","","","","22"
"https://www.instagram.com/ricardo.delatorre22/","Ver traducci√≥n","https://instagram.fmex1-6.fna.fbcdn.net/v/t51.2885-19/375524086_977374283527060_3808826307008739113_n.jpg?stp=dst-jpg_s150x150&_nc_ht=instagram.fmex1-6.fna.fbcdn.net&_nc_cat=104&_nc_ohc=PSonrUOi84YAX8fF1Rk&edm=ALQROFkBAAAA&ccb=7-5&oh=00_AfCABqi3KyxrQWSInZxWJFDXOy4TqK3_O4_SvhPLftCAPQ&oe=6532046B&_nc_sid=fc8dfb","ricardo.delatorre22","https://www.instagram.com/ricardo.delatorre22/","üëâGracias a las asociaciones civiles ,  y a las brigadas de salud del ISSSTE junto con la Dra. Lorena P√©rez Salas y al QFB. Oscar Garc√≠a Eusebio.üë®‚Äç‚öïÔ∏èüë©‚Äçüî¨üë©‚Äç‚öïÔ∏èüë®‚Äçüî¨ üëâEl d√≠a de hoy estuvimos presentes con la jornada de salud en la colonia ferrocarril.üíâüë©‚Äç‚öïÔ∏èEn estos tiempos  de pandemia tambi√©n es importante la prevenci√≥n de la salud.üë®‚Äçüî¨üëâGracias a los vecinos por participar.ü§ù","#creandolazosdebienestar","https://www.instagram.com/explore/tags/creandolazosdebienestar/","#mexicomeuno","https://www.instagram.com/explore/tags/mexicomeuno/","#DrCarlosLomeli","https://www.instagram.com/explore/tags/drcarloslomeli/","https://www.instagram.com/explore/tags/ricardovivirparaservir/","137 sem","",""
"https://www.instagram.com/p/CLzeEr9ha4W/","","","","","","","","","","","","","","27 de febrero de 2021",""
"https://www.instagram.com/p/BvsZtmZgqFw/liked_by/","Me gusta","","","","","","","","","","","","","","12"
"https://www.instagram.com/profeluismichel/","Ver traducci√≥n","https://instagram.fmex1-4.fna.fbcdn.net/v/t51.2885-19/372956250_119964097846027_8143469271902015639_n.jpg?stp=dst-jpg_s150x150&_nc_ht=instagram.fmex1-4.fna.fbcdn.net&_nc_cat=107&_nc_ohc=j9p0sFppsy0AX-wu-7H&edm=ALQROFkBAAAA&ccb=7-5&oh=00_AfA_a0nAqvYtfBYbr2mz2RhQBoNhvmo468sjp5sycjGjiw&oe=65322EA4&_nc_sid=fc8dfb","profeluismichel","https://www.instagram.com/profeluismichel/","Visita Campamento Mayto","#ProfesorLuisMichel21","https://www.instagram.com/explore/tags/profesorluismichel21/","#ProfesorLuisMichel","https://www.instagram.com/explore/tags/profesorluismichel/","#drcarloslomeli","https://www.instagram.com/explore/tags/drcarloslomeli/","https://www.instagram.com/explore/tags/amlo/","237 sem","",""
"https://www.instagram.com/p/BvsZtmZgqFw/","","","","","","","","","","","","","","31 de marzo de 2019",""
"https://www.instagram.com/p/BvuA6pHgOam/liked_by/","Me gusta","","","","","","","","","","","","","","2"
"https://www.instagram.com/profeluismichel/","Ver traducci√≥n","https://instagram.fmex1-4.fna.fbcdn.net/v/t51.2885-19/372956250_119964097846027_8143469271902015639_n.jpg?stp=dst-jpg_s150x150&_nc_ht=instagram.fmex1-4.fna.fbcdn.net&_nc_cat=107&_nc_ohc=j9p0sFppsy0AX-wu-7H&edm=ALQROFkBAAAA&ccb=7-5&oh=00_AfA_a0nAqvYtfBYbr2mz2RhQBoNhvmo468sjp5sycjGjiw&oe=65322EA4&_nc_sid=fc8dfb","profeluismichel","https://www.instagram.com/profeluismichel/","","#CuidemosNuestraFauna","https://www.instagram.com/explore/tags/cuidemosnuestrafauna/","#TuRegidorMorenista","https://www.instagram.com/explore/tags/turegidormorenista/","#ProfesorLuisMichel","https://www.instagram.com/explore/tags/profesorluismichel/","https://www.instagram.com/explore/tags/drcarloslomeli/","237 sem","",""
"https://www.instagram.com/p/BvuA6pHgOam/","","","","","","","","","","","","","","1 de abril de 2019",""
"","","","","","","","","","","","","","","","51"
"https://www.instagram.com/profeluismichel/","Ver traducci√≥n","https://instagram.fmex1-4.fna.fbcdn.net/v/t51.2885-19/372956250_119964097846027_8143469271902015639_n.jpg?stp=dst-jpg_s150x150&_nc_ht=instagram.fmex1-4.fna.fbcdn.net&_nc_cat=107&_nc_ohc=j9p0sFppsy0AX-wu-7H&edm=ALQROFkBAAAA&ccb=7-5&oh=00_AfA_a0nAqvYtfBYbr2mz2RhQBoNhvmo468sjp5sycjGjiw&oe=65322EA4&_nc_sid=fc8dfb","profeluismichel","https://www.instagram.com/profeluismichel/","","#LiberacionDeTortuga","https://www.instagram.com/explore/tags/liberaciondetortuga/","#CampamentoDeTortugasMayto","https://www.instagram.com/explore/tags/campamentodetortugasmayto/","#ProfesorLuisMichel21","https://www.instagram.com/explore/tags/profesorluismichel21/","https://www.instagram.com/explore/tags/drcarloslomeli/","237 sem","",""
"https://www.instagram.com/p/BvsbLNFFAeS/","","","","","","","","","","","","","","31 de marzo de 2019",""
"https://www.instagram.com/p/BvuA07tAE8R/liked_by/","Me gusta","","","","","","","","","","","","","","2"
"https://www.instagram.com/profeluismichel/","Ver traducci√≥n","https://instagram.fmex1-4.fna.fbcdn.net/v/t51.2885-19/372956250_119964097846027_8143469271902015639_n.jpg?stp=dst-jpg_s150x150&_nc_ht=instagram.fmex1-4.fna.fbcdn.net&_nc_cat=107&_nc_ohc=j9p0sFppsy0AX-wu-7H&edm=ALQROFkBAAAA&ccb=7-5&oh=00_AfA_a0nAqvYtfBYbr2mz2RhQBoNhvmo468sjp5sycjGjiw&oe=65322EA4&_nc_sid=fc8dfb","profeluismichel","https://www.instagram.com/profeluismichel/","","#campamentotortugueromayto","https://www.instagram.com/explore/tags/campamentotortugueromayto/","#turegidormorenista","https://www.instagram.com/explore/tags/turegidormorenista/","#JuntosTransformemosPuertoVallarta","https://www.instagram.com/explore/tags/juntostransformemospuertovallarta/","https://www.instagram.com/explore/tags/drcarloslomeli/","237 sem","",""
"https://www.instagram.com/p/BvuA07tAE8R/","","","","","","","","","","","","","","1 de abril de 2019",""
"https://www.instagram.com/p/BifkFgWn0nf/liked_by/","Me gusta","","","","","","","","","","","","","","12"
"https://www.instagram.com/jessica_torres.oficial/","Ver traducci√≥n","https://instagram.fmex1-4.fna.fbcdn.net/v/t51.2885-19/312007939_211189711245955_4870472990014609431_n.jpg?stp=dst-jpg_s150x150&_nc_ht=instagram.fmex1-4.fna.fbcdn.net&_nc_cat=107&_nc_ohc=ZpRG5qOqXaMAX-3k5ub&edm=ALQROFkBAAAA&ccb=7-5&oh=00_AfDFy48k7jgHXfkfzVs5olRMKQmzWZUSAgcijqvT4CqG0w&oe=653371A5&_nc_sid=fc8dfb","jessica_torres.oficial","https://www.instagram.com/jessica_torres.oficial/","No te dejes enganchar por el odio de la guerra sucia!!! Frente al odio Todo M√©xico est√° con  üíú‚ù§Ô∏èY en Jalisco con el Y claro que en Zapopan","#Amloüíúüíúüíúüíúüíú","https://www.instagram.com/explore/tags/amlo%F0%9F%92%9C%F0%9F%92%9C%F0%9F%92%9C%F0%9F%92%9C%F0%9F%92%9C/","#amlo","https://www.instagram.com/explore/tags/amlo/","#DRCarlosLomeli","https://www.instagram.com/explore/tags/drcarloslomeli/","https://www.instagram.com/explore/tags/hiramtorrespresidente/","284 sem","",""
"https://www.instagram.com/p/BifkFgWn0nf/","","","","","","","","","","","","","","7 de mayo de 2018",""