"x1lliihq","x1lliihq 2","x1lliihq 3","x1i10hfl href","x193iq5w","html-span","xpdipgo src","x1i10hfl","x1i10hfl href 2","_aacl","_a9ze","_aaqe","x1i10hfl href 3","xpdipgo src 2","x1i10hfl 2","x1i10hfl href 4","_aacl 2","x1i10hfl href 5","_a9ze 2","x193iq5w 2","x193iq5w 4"
"Me gusta","Comentar","Compartir publicaci贸n","","","","","","","","","","","","","","","","","",""
"","","","https://www.instagram.com/p/Cyef0YPPNtC/liked_by/","Me gusta","3","","","","","","","","","","","","","","",""
"Verificado","","","https://www.instagram.com/drcarloslomeli/","Ver traducci贸n","","https://instagram.fmex1-6.fna.fbcdn.net/v/t51.2885-19/377280327_842437724141956_2627779337152209387_n.jpg?stp=dst-jpg_s150x150&_nc_ht=instagram.fmex1-6.fna.fbcdn.net&_nc_cat=104&_nc_ohc=b5AUPq10LpYAX_DSIns&edm=ABmJApABAAAA&ccb=7-5&oh=00_AfAi9pYoTMYblTD8VoMtDe_VKLen9BV_5tQ8L9FFkcV0Ew&oe=6531E74E&_nc_sid=b41fef","drcarloslomeli","https://www.instagram.com/drcarloslomeli/","Para ganarse el respeto y la confianza de las personas, hay que trabajar con honestidad e integridad.Agradezco profundamente a todos los que me acompa帽an en esta ardua labor. 隆Les deseo un excelente inicio de semana a todas y todos!","25 min","","","","","","","","","",""
"","","","https://www.instagram.com/p/Cyef0YPPNtC/","","","","","","","","Hace 25 minutos","","","","","","","","",""
"Emoji","","","","","","","","","","","","","","","","","","","",""
"","","","https://www.instagram.com/p/CycBAp6OreX/liked_by/","Me gusta","160","","","","","","","","","","","","","","",""
"Verificado","Opciones del comentario","Me gusta","https://www.instagram.com/drcarloslomeli/","Ver traducci贸n","","https://instagram.fmex1-6.fna.fbcdn.net/v/t51.2885-19/377280327_842437724141956_2627779337152209387_n.jpg?stp=dst-jpg_s150x150&_nc_ht=instagram.fmex1-6.fna.fbcdn.net&_nc_cat=104&_nc_ohc=b5AUPq10LpYAX_DSIns&edm=ABmJApABAAAA&ccb=7-5&oh=00_AfAi9pYoTMYblTD8VoMtDe_VKLen9BV_5tQ8L9FFkcV0Ew&oe=6531E74E&_nc_sid=b41fef","drcarloslomeli","https://www.instagram.com/drcarloslomeli/","En Tepa y todos los Altos hay gente trabajadora, buena y dedicada, que con o sin apoyo, han sabido construir una de las regiones m谩s f茅rtiles y productivas de M茅xico y de toda Am茅rica. 隆Gracias por recibirme este domingo!","23 h","","https://www.instagram.com/maaf_orozco/","https://instagram.fmex1-6.fna.fbcdn.net/v/t51.2885-19/380754181_10039289976142648_7509814443604068521_n.jpg?stp=dst-jpg_s150x150&_nc_ht=instagram.fmex1-6.fna.fbcdn.net&_nc_cat=104&_nc_ohc=Ke6EYmxRxTMAX8TqgvC&edm=AId3EpQBAAAA&ccb=7-5&oh=00_AfCl8ybvuBz8i-ziy8BK-O_lag6_7QpYg18NAEALxEFDHw&oe=6532A5F7&_nc_sid=f5838a","maaf_orozco","https://www.instagram.com/maaf_orozco/","わ","https://www.instagram.com/p/CycBAp6OreX/c/18065263594448129/","21 h","Responder","Ver traducci贸n"
"","","","https://www.instagram.com/p/CycBAp6OreX/","","","","","","","","Hace 23 horas","","","","","","","","",""
"Les gusta a  y","","","https://www.instagram.com/p/CyY3XTgC91t/liked_by/","personas m谩s","127","https://instagram.fmex1-4.fna.fbcdn.net/v/t51.2885-19/334511795_219223613975169_9196657029797002605_n.jpg?stp=dst-jpg_s150x150&_nc_ht=instagram.fmex1-4.fna.fbcdn.net&_nc_cat=109&_nc_ohc=ih9BcOfKzOgAX-ZUOxC&edm=ACWDqb8BAAAA&ccb=7-5&oh=00_AfCWtXJI50uL_X1YOLBQIGqvYFMN0YbywkIdbOMUWA_SrQ&oe=6531DB52&_nc_sid=ee9879","","https://www.instagram.com/p/CyY3XTgC91t/liked_by/","carlosdelvallemx","","","https://www.instagram.com/carlosdelvallemx/","","","","","","","",""
"Verificado","Opciones del comentario","Me gusta","https://www.instagram.com/drcarloslomeli/","Ver traducci贸n","","https://instagram.fmex1-6.fna.fbcdn.net/v/t51.2885-19/377280327_842437724141956_2627779337152209387_n.jpg?stp=dst-jpg_s150x150&_nc_ht=instagram.fmex1-6.fna.fbcdn.net&_nc_cat=104&_nc_ohc=b5AUPq10LpYAX_DSIns&edm=ABmJApABAAAA&ccb=7-5&oh=00_AfAi9pYoTMYblTD8VoMtDe_VKLen9BV_5tQ8L9FFkcV0Ew&oe=6531E74E&_nc_sid=b41fef","drcarloslomeli","https://www.instagram.com/drcarloslomeli/","Conocer de cerca a la gente y sus historias me motiva y me llena de vida. Es un privilegio estar y compartir con ustedes. Gracias por inspirarme todos los d铆as.","2 d","","https://www.instagram.com/tegflow/","https://instagram.fmex1-6.fna.fbcdn.net/v/t51.2885-19/326223615_141207268804217_1784744616902551223_n.jpg?stp=dst-jpg_s150x150&_nc_ht=instagram.fmex1-6.fna.fbcdn.net&_nc_cat=105&_nc_ohc=zi8lvEg2e9AAX9i0iZO&edm=AId3EpQBAAAA&ccb=7-5&oh=00_AfCl_u-8ItIoZGTfWZb4z2tHu9ClweY_pb-OaGvso7VwCA&oe=65322C91&_nc_sid=f5838a","tegflow","https://www.instagram.com/tegflow/","Ya se le acabo el desfalco que hizo con las medicinas ????","https://www.instagram.com/p/CyY3XTgC91t/c/17976231665548330/","1 d","Responder","Ver traducci贸n"
"","","","https://www.instagram.com/p/CyY3XTgC91t/","","","","","","","","Hace 2 d铆as","","","","","","","","",""
"","","","https://www.instagram.com/p/CyWZfUYrDsy/liked_by/","Me gusta","91","","","","","","","","","","","","","","",""
"Verificado","Opciones del comentario","Me gusta","https://www.instagram.com/drcarloslomeli/","Ver traducci贸n","","https://instagram.fmex1-6.fna.fbcdn.net/v/t51.2885-19/377280327_842437724141956_2627779337152209387_n.jpg?stp=dst-jpg_s150x150&_nc_ht=instagram.fmex1-6.fna.fbcdn.net&_nc_cat=104&_nc_ohc=b5AUPq10LpYAX_DSIns&edm=ABmJApABAAAA&ccb=7-5&oh=00_AfAi9pYoTMYblTD8VoMtDe_VKLen9BV_5tQ8L9FFkcV0Ew&oe=6531E74E&_nc_sid=b41fef","drcarloslomeli","https://www.instagram.com/drcarloslomeli/","Si ustedes est谩n conmigo, 驴qui茅n puede contra nosotros?","3 d","","https://www.instagram.com/canougmx/","https://instagram.fmex1-5.fna.fbcdn.net/v/t51.2885-19/380564036_284017144398145_5925014082923711819_n.jpg?stp=dst-jpg_s150x150&_nc_ht=instagram.fmex1-5.fna.fbcdn.net&_nc_cat=101&_nc_ohc=oDbrKI2a3IgAX_v1KPQ&edm=AId3EpQBAAAA&ccb=7-5&oh=00_AfAK1Fnj1tq6H_hH7lxujoxyTJR-xgjuPIQoPh0apaORjA&oe=6532302C&_nc_sid=f5838a","canougmx","https://www.instagram.com/canougmx/","El pueblo de Jalisco estamos contigo estimado Doctor! No hay duda eres el 煤nico que  construir la transformaci贸n de Jalisco, cuenta con nosotros!","https://www.instagram.com/p/CyWZfUYrDsy/c/17913230192748413/","3 d","Responder","Ver traducci贸n"
"","","","https://www.instagram.com/p/CyWZfUYrDsy/","","","","","","","","Hace 3 d铆as","","","","","","","","",""
"Les gusta a  y","","","https://www.instagram.com/p/CyUHMWTyxlD/liked_by/","personas m谩s","125","https://instagram.fmex1-4.fna.fbcdn.net/v/t51.2885-19/334511795_219223613975169_9196657029797002605_n.jpg?stp=dst-jpg_s150x150&_nc_ht=instagram.fmex1-4.fna.fbcdn.net&_nc_cat=109&_nc_ohc=ih9BcOfKzOgAX-ZUOxC&edm=ACWDqb8BAAAA&ccb=7-5&oh=00_AfCWtXJI50uL_X1YOLBQIGqvYFMN0YbywkIdbOMUWA_SrQ&oe=6531DB52&_nc_sid=ee9879","","https://www.instagram.com/p/CyUHMWTyxlD/liked_by/","carlosdelvallemx","","","https://www.instagram.com/carlosdelvallemx/","","","","","","","",""
"Verificado","Opciones del comentario","Me gusta","https://www.instagram.com/drcarloslomeli/","Ver traducci贸n","","https://instagram.fmex1-6.fna.fbcdn.net/v/t51.2885-19/377280327_842437724141956_2627779337152209387_n.jpg?stp=dst-jpg_s150x150&_nc_ht=instagram.fmex1-6.fna.fbcdn.net&_nc_cat=104&_nc_ohc=b5AUPq10LpYAX_DSIns&edm=ABmJApABAAAA&ccb=7-5&oh=00_AfAi9pYoTMYblTD8VoMtDe_VKLen9BV_5tQ8L9FFkcV0Ew&oe=6531E74E&_nc_sid=b41fef","drcarloslomeli","https://www.instagram.com/drcarloslomeli/","Unidos por la transformaci贸n, comprometidos con la 4T. En Jalisco, la unidad se fundamenta en los principios de MORENA, la organizaci贸n, la movilizaci贸n y la suma de todas las voluntades.Con nuestras causas y MORENA por encima de todo, somos invencibles en Jalisco.Creemos en un M茅xico y un Jalisco m谩s justo y equitativo.","4 d","","https://www.instagram.com/marta_arizmendi_/","https://instagram.fmex1-1.fna.fbcdn.net/v/t51.2885-19/344590700_183937774540726_4969650636145264844_n.jpg?stp=dst-jpg_s150x150&_nc_ht=instagram.fmex1-1.fna.fbcdn.net&_nc_cat=110&_nc_ohc=4tGD1cNpRfQAX9Ux1Rw&edm=AId3EpQBAAAA&ccb=7-5&oh=00_AfCEKvBxhHzA1bY3wqrGDzOQohP6okfAv2Zz_8tHHK1o7A&oe=6532ABA6&_nc_sid=f5838a","marta_arizmendi_","https://www.instagram.com/marta_arizmendi_/","Si puede!!! Vamos a Transformar Jalisco estimado Doctor","https://www.instagram.com/p/CyUHMWTyxlD/c/17898023807870435/","4 d","Responder","Ver traducci贸n"
"","","","https://www.instagram.com/p/CyUHMWTyxlD/","","","","","","","","Hace 4 d铆as","","","","","","","","",""
"","","","https://www.instagram.com/p/CyUAj6CsYRI/liked_by/","Me gusta","25","","","","","","","","","","","","","","",""
"Verificado","","","https://www.instagram.com/drcarloslomeli/","Ver traducci贸n","","https://instagram.fmex1-6.fna.fbcdn.net/v/t51.2885-19/377280327_842437724141956_2627779337152209387_n.jpg?stp=dst-jpg_s150x150&_nc_ht=instagram.fmex1-6.fna.fbcdn.net&_nc_cat=104&_nc_ohc=b5AUPq10LpYAX_DSIns&edm=ABmJApABAAAA&ccb=7-5&oh=00_AfAi9pYoTMYblTD8VoMtDe_VKLen9BV_5tQ8L9FFkcV0Ew&oe=6531E74E&_nc_sid=b41fef","drcarloslomeli","https://www.instagram.com/drcarloslomeli/","Hoy celebramos 98 a帽os de la refundaci贸n de la Universidad de Guadalajara , mi alma m谩ter. Aqu铆 me forj茅 como m茅dico y, a煤n m谩s importante, descubr铆 el valor de la solidaridad y el compromiso de trabajar por el bienestar de mi gente.La UdeG es mucho m谩s que una instituci贸n acad茅mica; es una conquista que garantiza el derecho a la educaci贸n para quienes como yo, somos hijos del pueblo, un faro de conocimiento y un orgullo para Jalisco y el pa铆s. 隆Feliz aniversario, Universidad de Guadalajara!","4 d","","","","","","","","","",""
"","","","https://www.instagram.com/p/CyUAj6CsYRI/","","","","","","","","Hace 4 d铆as","","","","","","","","",""
"","","","https://www.instagram.com/p/CyRL1H8S7up/liked_by/","Me gusta","105","","","","","","","","","","","","","","",""
"Verificado","","","https://www.instagram.com/drcarloslomeli/","Ver traducci贸n","","https://instagram.fmex1-6.fna.fbcdn.net/v/t51.2885-19/377280327_842437724141956_2627779337152209387_n.jpg?stp=dst-jpg_s150x150&_nc_ht=instagram.fmex1-6.fna.fbcdn.net&_nc_cat=104&_nc_ohc=b5AUPq10LpYAX_DSIns&edm=ABmJApABAAAA&ccb=7-5&oh=00_AfAi9pYoTMYblTD8VoMtDe_VKLen9BV_5tQ8L9FFkcV0Ew&oe=6531E74E&_nc_sid=b41fef","drcarloslomeli","https://www.instagram.com/drcarloslomeli/","Gracias a quienes conf铆an en m铆: seguir茅 trabajando para estar a la altura de sus esperanzas. 隆Juntas y juntos somos imparables!","5 d","","","","","","","","","",""
"","","","https://www.instagram.com/p/CyRL1H8S7up/","","","","","","","","Hace 5 d铆as","","","","","","","","",""
"","","","https://www.instagram.com/p/CyOS-JUq9-A/liked_by/","Me gusta","97","","","","","","","","","","","","","","",""
"Verificado","Opciones del comentario","Me gusta","https://www.instagram.com/drcarloslomeli/","Ver traducci贸n","","https://instagram.fmex1-6.fna.fbcdn.net/v/t51.2885-19/377280327_842437724141956_2627779337152209387_n.jpg?stp=dst-jpg_s150x150&_nc_ht=instagram.fmex1-6.fna.fbcdn.net&_nc_cat=104&_nc_ohc=b5AUPq10LpYAX_DSIns&edm=ABmJApABAAAA&ccb=7-5&oh=00_AfAi9pYoTMYblTD8VoMtDe_VKLen9BV_5tQ8L9FFkcV0Ew&oe=6531E74E&_nc_sid=b41fef","drcarloslomeli","https://www.instagram.com/drcarloslomeli/","Quien cumple su palabra, no tiene miedo del pasado, ni del futuro.","6 d","","https://www.instagram.com/mperazas/","https://instagram.fmex1-1.fna.fbcdn.net/v/t51.2885-19/318543865_556547076309558_2163411932139213630_n.jpg?stp=dst-jpg_s150x150&_nc_ht=instagram.fmex1-1.fna.fbcdn.net&_nc_cat=106&_nc_ohc=TLemhD-rkLgAX8De5Gz&edm=AId3EpQBAAAA&ccb=7-5&oh=00_AfDCfRMKeBQNgQWHz0CvZlRk5Hxuy8ddypas2Jqf-WASqQ&oe=65338173&_nc_sid=f5838a","mperazas","https://www.instagram.com/mperazas/","Con todo Doctor , que los demonios andan sueltos !","https://www.instagram.com/p/CyOS-JUq9-A/c/17998401779279433/","5 d","Responder","Ver traducci贸n"
"","","","https://www.instagram.com/p/CyOS-JUq9-A/","","","","","","","","Hace 6 d铆as","","","","","","","","",""
"","","","https://www.instagram.com/p/CyM8vDMOARA/liked_by/","Me gusta","45","","","","","","","","","","","","","","",""
"Verificado","Opciones del comentario","Me gusta","https://www.instagram.com/drcarloslomeli/","Ver traducci贸n","","https://instagram.fmex1-6.fna.fbcdn.net/v/t51.2885-19/377280327_842437724141956_2627779337152209387_n.jpg?stp=dst-jpg_s150x150&_nc_ht=instagram.fmex1-6.fna.fbcdn.net&_nc_cat=104&_nc_ohc=b5AUPq10LpYAX_DSIns&edm=ABmJApABAAAA&ccb=7-5&oh=00_AfAi9pYoTMYblTD8VoMtDe_VKLen9BV_5tQ8L9FFkcV0Ew&oe=6531E74E&_nc_sid=b41fef","drcarloslomeli","https://www.instagram.com/drcarloslomeli/","Quiero tomar un momento para agradecerles de coraz贸n por sus palabras y comentarios tan alentadores.隆Ustedes son mi motor y fuente de inspiraci贸n!","6 d","","https://www.instagram.com/georginasolisalcantara/","https://instagram.fmex1-1.fna.fbcdn.net/v/t51.2885-19/129609365_5043149529058902_4370828928967476326_n.jpg?stp=dst-jpg_s150x150&_nc_ht=instagram.fmex1-1.fna.fbcdn.net&_nc_cat=106&_nc_ohc=Cj6xfAz-M0cAX936Kc0&edm=AId3EpQBAAAA&ccb=7-5&oh=00_AfC91dN5sEmYxkxs6SFMYkt_3JWK2XPp5UJKVwPpqirE5A&oe=653260A5&_nc_sid=f5838a","georginasolisalcantara","https://www.instagram.com/georginasolisalcantara/","","https://www.instagram.com/p/CyM8vDMOARA/c/18033347527592386/","6 d","Responder",""
"","","","https://www.instagram.com/p/CyM8vDMOARA/","","","","","","","","Hace 6 d铆as","","","","","","","","",""
"","","","https://www.instagram.com/p/CyMby86uZ6r/liked_by/","Me gusta","156","","","","","","","","","","","","","","",""
"Verificado","Opciones del comentario","Me gusta","https://www.instagram.com/drcarloslomeli/","Ver traducci贸n","","https://instagram.fmex1-6.fna.fbcdn.net/v/t51.2885-19/377280327_842437724141956_2627779337152209387_n.jpg?stp=dst-jpg_s150x150&_nc_ht=instagram.fmex1-6.fna.fbcdn.net&_nc_cat=104&_nc_ohc=b5AUPq10LpYAX_DSIns&edm=ABmJApABAAAA&ccb=7-5&oh=00_AfAi9pYoTMYblTD8VoMtDe_VKLen9BV_5tQ8L9FFkcV0Ew&oe=6531E74E&_nc_sid=b41fef","drcarloslomeli","https://www.instagram.com/drcarloslomeli/","Ca铆 en la tentaci贸n de subirme al . 驴Qu茅 les parece?","1 sem","","https://www.instagram.com/misael_rodriguez86/","https://instagram.fmex1-5.fna.fbcdn.net/v/t51.2885-19/289836002_179512197804099_7075745517378381487_n.jpg?stp=dst-jpg_s150x150&_nc_ht=instagram.fmex1-5.fna.fbcdn.net&_nc_cat=103&_nc_ohc=zGiqfDtNlv8AX-k7AML&edm=AId3EpQBAAAA&ccb=7-5&oh=00_AfBYXIkTPoSXDkrEeJdDEvjRc2SzCYqYbp8H7k5VAClTwQ&oe=65326AC1&_nc_sid=f5838a","misael_rodriguez86","https://www.instagram.com/misael_rodriguez86/","En las calles de la uco dr","https://www.instagram.com/p/CyMby86uZ6r/c/17936684363641373/","6 d","Responder","Ver traducci贸n"
"","","","https://www.instagram.com/p/CyMby86uZ6r/","","","","","","","","Hace 7 d铆as","","","","","","","","",""
"","","","https://www.instagram.com/p/CyHwzGvOvjy/liked_by/","Me gusta","121","","","","","","","","","","","","","","",""
"Verificado","Opciones del comentario","Me gusta","https://www.instagram.com/drcarloslomeli/","Ver traducci贸n","","https://instagram.fmex1-6.fna.fbcdn.net/v/t51.2885-19/377280327_842437724141956_2627779337152209387_n.jpg?stp=dst-jpg_s150x150&_nc_ht=instagram.fmex1-6.fna.fbcdn.net&_nc_cat=104&_nc_ohc=b5AUPq10LpYAX_DSIns&edm=ABmJApABAAAA&ccb=7-5&oh=00_AfAi9pYoTMYblTD8VoMtDe_VKLen9BV_5tQ8L9FFkcV0Ew&oe=6531E74E&_nc_sid=b41fef","drcarloslomeli","https://www.instagram.com/drcarloslomeli/","Hoy tuvimos el honor de recibir a la Dra.  en Jalisco. Su compromiso con la Cuarta Transformaci贸n nos llena de inspiraci贸n. 隆Apoyamos su liderazgo como Coordinadora de Defensa de la 4T!","1 sem","","https://www.instagram.com/karlapatriciamarquez/","https://instagram.fmex1-1.fna.fbcdn.net/v/t51.2885-19/326046438_699509731633302_7675169611527381977_n.jpg?stp=dst-jpg_s150x150&_nc_ht=instagram.fmex1-1.fna.fbcdn.net&_nc_cat=106&_nc_ohc=w9WCUSj6U7IAX87bVIu&edm=AId3EpQBAAAA&ccb=7-5&oh=00_AfCmw8siPqolG0FIeA77LpSlkBI9cpSqCbvdaCjBn_i6pA&oe=65337EA3&_nc_sid=f5838a","karlapatriciamarquez","https://www.instagram.com/karlapatriciamarquez/","Usted, muy bien doctor","https://www.instagram.com/p/CyHwzGvOvjy/c/17998663604165371/","1 sem","Responder","Ver traducci贸n"
"","","","https://www.instagram.com/p/CyHwzGvOvjy/","","","","","","","","7 de octubre","","","","","","","","",""
"","","","https://www.instagram.com/p/CyHIupmuUG6/liked_by/","Me gusta","234","","","","","","","","","","","","","","",""
"Verificado","Opciones del comentario","Me gusta","https://www.instagram.com/drcarloslomeli/","Ver traducci贸n","","https://instagram.fmex1-6.fna.fbcdn.net/v/t51.2885-19/377280327_842437724141956_2627779337152209387_n.jpg?stp=dst-jpg_s150x150&_nc_ht=instagram.fmex1-6.fna.fbcdn.net&_nc_cat=104&_nc_ohc=b5AUPq10LpYAX_DSIns&edm=ABmJApABAAAA&ccb=7-5&oh=00_AfAi9pYoTMYblTD8VoMtDe_VKLen9BV_5tQ8L9FFkcV0Ew&oe=6531E74E&_nc_sid=b41fef","drcarloslomeli","https://www.instagram.com/drcarloslomeli/","Saludando a una amiga de verdad, la primera mujer en ocupar la mas alta responsabilidad en M茅xico: la Dra.  隆Ella es!","1 sem","","https://www.instagram.com/alejandrafernandezdel/","https://instagram.fmex1-6.fna.fbcdn.net/v/t51.2885-19/290387403_373304941364536_3477983818009951218_n.jpg?stp=dst-jpg_s150x150&_nc_ht=instagram.fmex1-6.fna.fbcdn.net&_nc_cat=104&_nc_ohc=Yl2r-BnN-9AAX-wpt9U&edm=AId3EpQBAAAA&ccb=7-5&oh=00_AfDrVOd74fugSub-6JJykM3685fgXh7oW4od7EWQ9J_wiQ&oe=65337C2A&_nc_sid=f5838a","alejandrafernandezdel","https://www.instagram.com/alejandrafernandezdel/","Totalmente en desacuerdo con el proceso interno de Morena para la elecci贸n de la candidata!! Al peor estilo del Pri! No al imposici贸n!","https://www.instagram.com/p/CyHIupmuUG6/c/17911876322750710/","1 sem","Responder","Ver traducci贸n"
"","","","https://www.instagram.com/p/CyHIupmuUG6/","","","","","","","","7 de octubre","","","","","","","","",""
"","","","https://www.instagram.com/p/CyCqB4HMmij/liked_by/","Me gusta","105","","","","","","","","","","","","","","",""
"Verificado","Opciones del comentario","Me gusta","https://www.instagram.com/drcarloslomeli/","Ver traducci贸n","","https://instagram.fmex1-6.fna.fbcdn.net/v/t51.2885-19/377280327_842437724141956_2627779337152209387_n.jpg?stp=dst-jpg_s150x150&_nc_ht=instagram.fmex1-6.fna.fbcdn.net&_nc_cat=104&_nc_ohc=b5AUPq10LpYAX_DSIns&edm=ABmJApABAAAA&ccb=7-5&oh=00_AfAi9pYoTMYblTD8VoMtDe_VKLen9BV_5tQ8L9FFkcV0Ew&oe=6531E74E&_nc_sid=b41fef","drcarloslomeli","https://www.instagram.com/drcarloslomeli/","Llevo toda mi vida sirviendo a mi comunidad, y hoy, en el Distrito 4 de Zapopan, record茅 mis primeras visitas de trabajo social hace casi dos d茅cadas, de la mano de j贸venes que hoy son l铆deres.Todav铆a hay muchas carencias, pero vamos a luchar, con la conciencia y el coraz贸n, para transformar a Jalisco y traer el bienestar a todas las familias.","1 sem","","https://www.instagram.com/canougmx/","https://instagram.fmex1-5.fna.fbcdn.net/v/t51.2885-19/380564036_284017144398145_5925014082923711819_n.jpg?stp=dst-jpg_s150x150&_nc_ht=instagram.fmex1-5.fna.fbcdn.net&_nc_cat=101&_nc_ohc=oDbrKI2a3IgAX_v1KPQ&edm=AId3EpQBAAAA&ccb=7-5&oh=00_AfAK1Fnj1tq6H_hH7lxujoxyTJR-xgjuPIQoPh0apaORjA&oe=6532302C&_nc_sid=f5838a","canougmx","https://www.instagram.com/canougmx/","En Jalisco estamos con Usted Doc!  Con Usted gana el pueblo de Jalisco!","https://www.instagram.com/p/CyCqB4HMmij/c/18012464575766561/","1 sem","Responder","Ver traducci贸n"
"","","","https://www.instagram.com/p/CyCqB4HMmij/","","","","","","","","5 de octubre","","","","","","","","",""
"","","","https://www.instagram.com/p/CyBJ0nYPDqK/liked_by/","Me gusta","26","","","","","","","","","","","","","","",""
"Verificado","Opciones del comentario","Me gusta","https://www.instagram.com/drcarloslomeli/","Ver traducci贸n","","https://instagram.fmex1-6.fna.fbcdn.net/v/t51.2885-19/377280327_842437724141956_2627779337152209387_n.jpg?stp=dst-jpg_s150x150&_nc_ht=instagram.fmex1-6.fna.fbcdn.net&_nc_cat=104&_nc_ohc=b5AUPq10LpYAX_DSIns&edm=ABmJApABAAAA&ccb=7-5&oh=00_AfAi9pYoTMYblTD8VoMtDe_VKLen9BV_5tQ8L9FFkcV0Ew&oe=6531E74E&_nc_sid=b41fef","drcarloslomeli","https://www.instagram.com/drcarloslomeli/","Las mujeres de Jalisco merecen vivir libres, plenas y con dignidad. Hagamos de este sueno una realidad.","1 sem","","https://www.instagram.com/marta_arizmendi_/","https://instagram.fmex1-1.fna.fbcdn.net/v/t51.2885-19/344590700_183937774540726_4969650636145264844_n.jpg?stp=dst-jpg_s150x150&_nc_ht=instagram.fmex1-1.fna.fbcdn.net&_nc_cat=110&_nc_ohc=4tGD1cNpRfQAX9Ux1Rw&edm=AId3EpQBAAAA&ccb=7-5&oh=00_AfCEKvBxhHzA1bY3wqrGDzOQohP6okfAv2Zz_8tHHK1o7A&oe=6532ABA6&_nc_sid=f5838a","marta_arizmendi_","https://www.instagram.com/marta_arizmendi_/","Lo haremos de la mano de usted Doctor. Por un Jalisco libre de violencia donde se protejan y garanticen nuestros derechos","https://www.instagram.com/p/CyBJ0nYPDqK/c/17942192603621740/","1 sem","Responder","Ver traducci贸n"
"","","","https://www.instagram.com/p/CyBJ0nYPDqK/","","","","","","","","5 de octubre","","","","","","","","",""
"","","","https://www.instagram.com/p/Cx_-l9bMKax/liked_by/","Me gusta","99","","","","","","","","","","","","","","",""
"Verificado","Opciones del comentario","Me gusta","https://www.instagram.com/drcarloslomeli/","Ver traducci贸n","","https://instagram.fmex1-6.fna.fbcdn.net/v/t51.2885-19/377280327_842437724141956_2627779337152209387_n.jpg?stp=dst-jpg_s150x150&_nc_ht=instagram.fmex1-6.fna.fbcdn.net&_nc_cat=104&_nc_ohc=b5AUPq10LpYAX_DSIns&edm=ABmJApABAAAA&ccb=7-5&oh=00_AfAi9pYoTMYblTD8VoMtDe_VKLen9BV_5tQ8L9FFkcV0Ew&oe=6531E74E&_nc_sid=b41fef","drcarloslomeli","https://www.instagram.com/drcarloslomeli/","El d铆a de hoy tengo el honor de compartir un di谩logo con militantes y simpatizantes de Morena en Teuchitl谩n. En esta reuni贸n, les hablo sobre mi compromiso con la Cuarta Transformaci贸n y por qu茅 motivo aspiro a coordinar los Comit茅s de Defensa de la  en Jalisco.Llevo casi 20 a帽os comprometido en esta lucha por un M茅xico mejor, y ahora, m谩s que nunca, aspiro a que esta transformaci贸n llegue a nuestro estado en buenas manos.Juntos, seremos el motor de la esperanza y la transformaci贸n para Jalisco.","1 sem","","https://www.instagram.com/alejandro7402gmail3/","https://instagram.fmex1-4.fna.fbcdn.net/v/t51.2885-19/241314056_1145474862643903_2169710741062309961_n.jpg?stp=dst-jpg_s150x150&_nc_ht=instagram.fmex1-4.fna.fbcdn.net&_nc_cat=107&_nc_ohc=zDSFA1IecJkAX_ZEmYt&edm=AId3EpQBAAAA&ccb=7-5&oh=00_AfDM_7lxCWk5jFHOHaSp-Os1gEfBzKNkzs46IKpfmayEAw&oe=6533819A&_nc_sid=f5838a","alejandro7402gmail3","https://www.instagram.com/alejandro7402gmail3/","Usted es el bueno para coordinar la 4 T en Jalisco","https://www.instagram.com/p/Cx_-l9bMKax/c/18059677603459856/","1 sem","Responder","Ver traducci贸n"
"","","","https://www.instagram.com/p/Cx_-l9bMKax/","","","","","","","","4 de octubre","","","","","","","","",""
"","","","https://www.instagram.com/p/Cx_HWoSvf8d/liked_by/","Me gusta","28","","","","","","","","","","","","","","",""
"Verificado","Opciones del comentario","Me gusta","https://www.instagram.com/drcarloslomeli/","Ver traducci贸n","","https://instagram.fmex1-6.fna.fbcdn.net/v/t51.2885-19/377280327_842437724141956_2627779337152209387_n.jpg?stp=dst-jpg_s150x150&_nc_ht=instagram.fmex1-6.fna.fbcdn.net&_nc_cat=104&_nc_ohc=b5AUPq10LpYAX_DSIns&edm=ABmJApABAAAA&ccb=7-5&oh=00_AfAi9pYoTMYblTD8VoMtDe_VKLen9BV_5tQ8L9FFkcV0Ew&oe=6531E74E&_nc_sid=b41fef","drcarloslomeli","https://www.instagram.com/drcarloslomeli/","Con perseverancia, compromiso y mucho trabajo, los sue帽os se cumplen.","1 sem","","https://www.instagram.com/morenaguadalajara/","https://instagram.fmex1-1.fna.fbcdn.net/v/t51.2885-19/386309949_6803688946334038_8540931342091545788_n.jpg?stp=dst-jpg_s150x150&_nc_ht=instagram.fmex1-1.fna.fbcdn.net&_nc_cat=110&_nc_ohc=UL19pUepFuEAX_W1RbE&edm=AId3EpQBAAAA&ccb=7-5&oh=00_AfBwj2vnxJ7QYbb6QboGrSvfBLbiudBa2h9wuXj8frn1gw&oe=6531F95B&_nc_sid=f5838a","morenaguadalajara","https://www.instagram.com/morenaguadalajara/","Que en Distrito 18 no vean esa frase que usa actualmente el pri como su lema ","https://www.instagram.com/p/Cx_HWoSvf8d/c/17871797522942313/","1 sem","Responder","Ver traducci贸n"
"","","","https://www.instagram.com/p/Cx_HWoSvf8d/","","","","","","","","4 de octubre","","","","","","","","",""
"","","","https://www.instagram.com/p/Cx4P5emvRbJ/liked_by/","Me gusta","92","","","","","","","","","","","","","","",""
"Verificado","Opciones del comentario","Me gusta","https://www.instagram.com/drcarloslomeli/","Ver traducci贸n","","https://instagram.fmex1-6.fna.fbcdn.net/v/t51.2885-19/377280327_842437724141956_2627779337152209387_n.jpg?stp=dst-jpg_s150x150&_nc_ht=instagram.fmex1-6.fna.fbcdn.net&_nc_cat=104&_nc_ohc=b5AUPq10LpYAX_DSIns&edm=ABmJApABAAAA&ccb=7-5&oh=00_AfAi9pYoTMYblTD8VoMtDe_VKLen9BV_5tQ8L9FFkcV0Ew&oe=6531E74E&_nc_sid=b41fef","drcarloslomeli","https://www.instagram.com/drcarloslomeli/","En 2017, mi amigo y maestro Andr茅s Manuel L贸pez Obrador escribi贸 este libro, poniendo claro su proyecto alternativo de naci贸n. A seis a帽os, y listos para la siguiente transformaci贸n, s贸lo puedo decir:Misi贸n cumplida, Presidente.","2 sem","","https://www.instagram.com/georginasolisalcantara/","https://instagram.fmex1-1.fna.fbcdn.net/v/t51.2885-19/129609365_5043149529058902_4370828928967476326_n.jpg?stp=dst-jpg_s150x150&_nc_ht=instagram.fmex1-1.fna.fbcdn.net&_nc_cat=106&_nc_ohc=Cj6xfAz-M0cAX936Kc0&edm=AId3EpQBAAAA&ccb=7-5&oh=00_AfC91dN5sEmYxkxs6SFMYkt_3JWK2XPp5UJKVwPpqirE5A&oe=653260A5&_nc_sid=f5838a","georginasolisalcantara","https://www.instagram.com/georginasolisalcantara/","火娥烩ｏ","https://www.instagram.com/p/Cx4P5emvRbJ/c/17998764995177485/","2 sem","Responder","Ver traducci贸n"
"","","","https://www.instagram.com/p/Cx4P5emvRbJ/","","","","","","","","1 de octubre","","","","","","","","",""
"","","","https://www.instagram.com/p/Cx00L-cpggk/liked_by/","Me gusta","47","","","","","","","","","","","","","","",""
"Verificado","Opciones del comentario","Me gusta","https://www.instagram.com/drcarloslomeli/","Ver traducci贸n","","https://instagram.fmex1-6.fna.fbcdn.net/v/t51.2885-19/377280327_842437724141956_2627779337152209387_n.jpg?stp=dst-jpg_s150x150&_nc_ht=instagram.fmex1-6.fna.fbcdn.net&_nc_cat=104&_nc_ohc=b5AUPq10LpYAX_DSIns&edm=ABmJApABAAAA&ccb=7-5&oh=00_AfAi9pYoTMYblTD8VoMtDe_VKLen9BV_5tQ8L9FFkcV0Ew&oe=6531E74E&_nc_sid=b41fef","drcarloslomeli","https://www.instagram.com/drcarloslomeli/","Los quioscos de Jalisco est谩n llenos de historia y recuerdos.A ver, 驴cu谩les reconocen de estas fotos?","2 sem","","https://www.instagram.com/oswaldo.gomez__/","https://instagram.fmex1-2.fna.fbcdn.net/v/t51.2885-19/383162532_1356778304970228_8120906824855247264_n.jpg?stp=dst-jpg_s150x150&_nc_ht=instagram.fmex1-2.fna.fbcdn.net&_nc_cat=100&_nc_ohc=amw20nVsU9IAX89xpSw&edm=AId3EpQBAAAA&ccb=7-5&oh=00_AfBZ9cu-gHgFdjKYwi4Jacgi_ILRtCfyR9lXdpIWQPMFKw&oe=6532D40B&_nc_sid=f5838a","oswaldo.gomez__","https://www.instagram.com/oswaldo.gomez__/","Todas ","https://www.instagram.com/p/Cx00L-cpggk/c/17878942991906216/","2 sem","Responder",""
"","","","https://www.instagram.com/p/Cx00L-cpggk/","","","","","","","","30 de septiembre","","","","","","","","",""
"","","","https://www.instagram.com/p/CxyWQAuBr8p/liked_by/","Me gusta","82","","","","","","","","","","","","","","",""
"Verificado","Opciones del comentario","Me gusta","https://www.instagram.com/drcarloslomeli/","Ver traducci贸n","","https://instagram.fmex1-6.fna.fbcdn.net/v/t51.2885-19/377280327_842437724141956_2627779337152209387_n.jpg?stp=dst-jpg_s150x150&_nc_ht=instagram.fmex1-6.fna.fbcdn.net&_nc_cat=104&_nc_ohc=b5AUPq10LpYAX_DSIns&edm=ABmJApABAAAA&ccb=7-5&oh=00_AfAi9pYoTMYblTD8VoMtDe_VKLen9BV_5tQ8L9FFkcV0Ew&oe=6531E74E&_nc_sid=b41fef","drcarloslomeli","https://www.instagram.com/drcarloslomeli/","Con el pueblo todo, por el pueblo todo.","2 sem","","https://www.instagram.com/luis_sanchez_aranda_/","https://instagram.fmex1-6.fna.fbcdn.net/v/t51.2885-19/343278655_621701576479439_4275653781977988615_n.jpg?stp=dst-jpg_s150x150&_nc_ht=instagram.fmex1-6.fna.fbcdn.net&_nc_cat=111&_nc_ohc=k4xDSwinDlsAX8LPEsb&edm=AId3EpQBAAAA&ccb=7-5&oh=00_AfAVAHOLB1caW3-Mv3vDMtH24G2EAM6mqRvQE29orPqU6Q&oe=653338BC&_nc_sid=f5838a","luis_sanchez_aranda_","https://www.instagram.com/luis_sanchez_aranda_/","Buena foto doctor ","https://www.instagram.com/p/CxyWQAuBr8p/c/17890388165843521/","2 sem","Responder","Ver traducci贸n"
"","","","https://www.instagram.com/p/CxyWQAuBr8p/","","","","","","","","29 de septiembre","","","","","","","","",""
"","","","https://www.instagram.com/p/CxvIQgCvaT0/liked_by/","Me gusta","37","","","","","","","","","","","","","","",""
"Verificado","Opciones del comentario","Me gusta","https://www.instagram.com/drcarloslomeli/","Ver traducci贸n","","https://instagram.fmex1-6.fna.fbcdn.net/v/t51.2885-19/377280327_842437724141956_2627779337152209387_n.jpg?stp=dst-jpg_s150x150&_nc_ht=instagram.fmex1-6.fna.fbcdn.net&_nc_cat=104&_nc_ohc=b5AUPq10LpYAX_DSIns&edm=ABmJApABAAAA&ccb=7-5&oh=00_AfAi9pYoTMYblTD8VoMtDe_VKLen9BV_5tQ8L9FFkcV0Ew&oe=6531E74E&_nc_sid=b41fef","drcarloslomeli","https://www.instagram.com/drcarloslomeli/","No podemos cerrar los ojos ante la injusticia. La brecha salarial de g茅nero persiste y no podemos permitir que eso siga pasando.","2 sem","","https://www.instagram.com/tegflow/","https://instagram.fmex1-6.fna.fbcdn.net/v/t51.2885-19/326223615_141207268804217_1784744616902551223_n.jpg?stp=dst-jpg_s150x150&_nc_ht=instagram.fmex1-6.fna.fbcdn.net&_nc_cat=105&_nc_ohc=zi8lvEg2e9AAX9i0iZO&edm=AId3EpQBAAAA&ccb=7-5&oh=00_AfCl_u-8ItIoZGTfWZb4z2tHu9ClweY_pb-OaGvso7VwCA&oe=65322C91&_nc_sid=f5838a","tegflow","https://www.instagram.com/tegflow/","Ya choleeeeeee con usted !!!! Que no le dejo lo que R0b0 con las medicinas","https://www.instagram.com/p/CxvIQgCvaT0/c/18262647367164358/","2 sem","1 Me gusta","Ver traducci贸n"
"","","","https://www.instagram.com/p/CxvIQgCvaT0/","","","","","","","","28 de septiembre","","","","","","","","",""
"","","","https://www.instagram.com/p/CxtFyZctOO3/liked_by/","Me gusta","104","","","","","","","","","","","","","","",""
"Verificado","Opciones del comentario","Me gusta","https://www.instagram.com/drcarloslomeli/","Ver traducci贸n","","https://instagram.fmex1-6.fna.fbcdn.net/v/t51.2885-19/377280327_842437724141956_2627779337152209387_n.jpg?stp=dst-jpg_s150x150&_nc_ht=instagram.fmex1-6.fna.fbcdn.net&_nc_cat=104&_nc_ohc=b5AUPq10LpYAX_DSIns&edm=ABmJApABAAAA&ccb=7-5&oh=00_AfAi9pYoTMYblTD8VoMtDe_VKLen9BV_5tQ8L9FFkcV0Ew&oe=6531E74E&_nc_sid=b41fef","drcarloslomeli","https://www.instagram.com/drcarloslomeli/","Todo se puede lograr si trabajamos con convicci贸n y honestidad.隆Hagamos posibles nuestros sue帽os!","2 sem","","https://www.instagram.com/ivonvonvon2010/","https://instagram.fmex1-6.fna.fbcdn.net/v/t51.2885-19/246011084_614608943235611_4694242702586667475_n.jpg?stp=dst-jpg_s150x150&_nc_ht=instagram.fmex1-6.fna.fbcdn.net&_nc_cat=111&_nc_ohc=VFTd3TNHCCIAX-G31ru&edm=AId3EpQBAAAA&ccb=7-5&oh=00_AfDW7EWAV7qmYtu3K5ZpBVOX6zZMTWYQt_YzVYfV1z8yQQ&oe=6532B76C&_nc_sid=f5838a","ivonvonvon2010","https://www.instagram.com/ivonvonvon2010/","Dr. Gran apoyo para. Naso.  El el.de la luz. 仇仇","https://www.instagram.com/p/CxtFyZctOO3/c/17974510619545249/","1 sem","Responder","Ver traducci贸n"
"","","","https://www.instagram.com/p/CxtFyZctOO3/","","","","","","","","27 de septiembre","","","","","","","","",""
"","","","https://www.instagram.com/p/CxrcDYpO8_O/liked_by/","Me gusta","669","","","","","","","","","","","","","","",""
"Verificado","Opciones del comentario","Me gusta","https://www.instagram.com/drcarloslomeli/","Ver traducci贸n","","https://instagram.fmex1-6.fna.fbcdn.net/v/t51.2885-19/377280327_842437724141956_2627779337152209387_n.jpg?stp=dst-jpg_s150x150&_nc_ht=instagram.fmex1-6.fna.fbcdn.net&_nc_cat=104&_nc_ohc=b5AUPq10LpYAX_DSIns&edm=ABmJApABAAAA&ccb=7-5&oh=00_AfAi9pYoTMYblTD8VoMtDe_VKLen9BV_5tQ8L9FFkcV0Ew&oe=6531E74E&_nc_sid=b41fef","drcarloslomeli","https://www.instagram.com/drcarloslomeli/","Aqu铆 estoy, con la cabeza en alto y el coraz贸n encendido, a punto de alcanzar este sue帽o.隆Vamos unidos por la esperanza! 隆Vamos unidos por Jalisco! 隆Vamos unidos por M茅xico!","2 sem","","https://www.instagram.com/retiz_/","https://instagram.fmex1-6.fna.fbcdn.net/v/t51.2885-19/275023255_484671873111935_4253380525882213421_n.jpg?stp=dst-jpg_s150x150&_nc_ht=instagram.fmex1-6.fna.fbcdn.net&_nc_cat=111&_nc_ohc=PDkQgcPLFssAX8ww8-O&edm=AId3EpQBAAAA&ccb=7-5&oh=00_AfDkEmr2kgfg-SXsCrLEqmAqgwGuJWMX20rDbGxIm_ii4Q&oe=6532C63A&_nc_sid=f5838a","retiz_","https://www.instagram.com/retiz_/","El Organigrama de a hvo quiero seguir dentro ","https://www.instagram.com/p/CxrcDYpO8_O/c/18387445273012288/","2 sem","3 Me gusta","Ver traducci贸n"
"","","","https://www.instagram.com/p/CxrcDYpO8_O/","","","","","","","","26 de septiembre","","","","","","","","",""
"","","","https://www.instagram.com/p/Cxq3xDuOAZl/liked_by/","Me gusta","300","","","","","","","","","","","","","","",""
"Verificado","Opciones del comentario","Me gusta","https://www.instagram.com/drcarloslomeli/","Ver traducci贸n","","https://instagram.fmex1-6.fna.fbcdn.net/v/t51.2885-19/377280327_842437724141956_2627779337152209387_n.jpg?stp=dst-jpg_s150x150&_nc_ht=instagram.fmex1-6.fna.fbcdn.net&_nc_cat=104&_nc_ohc=b5AUPq10LpYAX_DSIns&edm=ABmJApABAAAA&ccb=7-5&oh=00_AfAi9pYoTMYblTD8VoMtDe_VKLen9BV_5tQ8L9FFkcV0Ew&oe=6531E74E&_nc_sid=b41fef","drcarloslomeli","https://www.instagram.com/drcarloslomeli/","Hoy estamos ante un proyecto que arrancamos hace 19 a帽os; que ha soportado innumerables ataques y descalificaciones. Pero nada nos ha detenido, y aqu铆 estoy con la cabeza en alto y el coraz贸n encendido a punto de alcanzar el sue帽o. La esperanza es lo que nos ha mantenido en todos estos a帽os, luchando, trabajando y construyendo este gran movimiento de transformaci贸n que hoy exigen las y los jaliscienses. Estamos preparados, estamos listos, y estamos deseosos de arrancar porque Jalisco nos est谩 llamando. Hoy les anuncio que me he registrado para ser el Coordinador de la Defensa de la Cuarta Transformaci贸n en Jalisco.","2 sem","","https://www.instagram.com/tashidel/","https://instagram.fmex1-4.fna.fbcdn.net/v/t51.2885-19/75358242_1221564234699344_5958025894831325184_n.jpg?stp=dst-jpg_s150x150&_nc_ht=instagram.fmex1-4.fna.fbcdn.net&_nc_cat=108&_nc_ohc=N2V_dlYDmD0AX9YbA_g&edm=AId3EpQBAAAA&ccb=7-5&oh=00_AfD6Qx74JG5rkIfaPPmIen2D5AYK1lpM5BL0qYcbIU6C6g&oe=6532F01E&_nc_sid=f5838a","tashidel","https://www.instagram.com/tashidel/","Fuera ro帽a naranja","https://www.instagram.com/p/Cxq3xDuOAZl/c/18081231922385973/","2 sem","Responder","Ver traducci贸n"
"","","","https://www.instagram.com/p/Cxq3xDuOAZl/","","","","","","","","26 de septiembre","","","","","","","","",""
"","","","https://www.instagram.com/p/Cxosi4BOcSZ/liked_by/","Me gusta","65","","","","","","","","","","","","","","",""
"Verificado","Opciones del comentario","Me gusta","https://www.instagram.com/drcarloslomeli/","Ver traducci贸n","","https://instagram.fmex1-6.fna.fbcdn.net/v/t51.2885-19/377280327_842437724141956_2627779337152209387_n.jpg?stp=dst-jpg_s150x150&_nc_ht=instagram.fmex1-6.fna.fbcdn.net&_nc_cat=104&_nc_ohc=b5AUPq10LpYAX_DSIns&edm=ABmJApABAAAA&ccb=7-5&oh=00_AfAi9pYoTMYblTD8VoMtDe_VKLen9BV_5tQ8L9FFkcV0Ew&oe=6531E74E&_nc_sid=b41fef","drcarloslomeli","https://www.instagram.com/drcarloslomeli/","La honestidad es la mejor virtud que podemos heredar a nuestras hijas e hijos. 隆La verdad nos har谩 libres!","2 sem","","https://www.instagram.com/tegflow/","https://instagram.fmex1-6.fna.fbcdn.net/v/t51.2885-19/326223615_141207268804217_1784744616902551223_n.jpg?stp=dst-jpg_s150x150&_nc_ht=instagram.fmex1-6.fna.fbcdn.net&_nc_cat=105&_nc_ohc=zi8lvEg2e9AAX9i0iZO&edm=AId3EpQBAAAA&ccb=7-5&oh=00_AfCl_u-8ItIoZGTfWZb4z2tHu9ClweY_pb-OaGvso7VwCA&oe=65322C91&_nc_sid=f5838a","tegflow","https://www.instagram.com/tegflow/","Habla de honestidad  de verdad ?????? Me hizo el d铆a, no bueno que buen chiste se avent贸, y m谩s usted que hizo un negociado con las medicinas de jalisco ","https://www.instagram.com/p/Cxosi4BOcSZ/c/17934845837737393/","2 sem","Responder","Ver traducci贸n"
"","","","https://www.instagram.com/p/Cxosi4BOcSZ/","","","","","","","","25 de septiembre","","","","","","","","",""
"","","","https://www.instagram.com/p/Cxi_yXfyYq9/liked_by/","Me gusta","60","","","","","","","","","","","","","","",""
"Verificado","Opciones del comentario","Me gusta","https://www.instagram.com/drcarloslomeli/","Ver traducci贸n","","https://instagram.fmex1-6.fna.fbcdn.net/v/t51.2885-19/377280327_842437724141956_2627779337152209387_n.jpg?stp=dst-jpg_s150x150&_nc_ht=instagram.fmex1-6.fna.fbcdn.net&_nc_cat=104&_nc_ohc=b5AUPq10LpYAX_DSIns&edm=ABmJApABAAAA&ccb=7-5&oh=00_AfAi9pYoTMYblTD8VoMtDe_VKLen9BV_5tQ8L9FFkcV0Ew&oe=6531E74E&_nc_sid=b41fef","drcarloslomeli","https://www.instagram.com/drcarloslomeli/","Guadalajara es el alma de Jalisco y el coraz贸n de M茅xico: el centro de una zona metropolitana con mucho potencial, pero tambi茅n con muchos problemas y desigualdades.Recuperemos el orgullo que nos da ser de la Perla de Occidente.","3 sem","","https://www.instagram.com/georginasolisalcantara/","https://instagram.fmex1-1.fna.fbcdn.net/v/t51.2885-19/129609365_5043149529058902_4370828928967476326_n.jpg?stp=dst-jpg_s150x150&_nc_ht=instagram.fmex1-1.fna.fbcdn.net&_nc_cat=106&_nc_ohc=Cj6xfAz-M0cAX936Kc0&edm=AId3EpQBAAAA&ccb=7-5&oh=00_AfC91dN5sEmYxkxs6SFMYkt_3JWK2XPp5UJKVwPpqirE5A&oe=653260A5&_nc_sid=f5838a","georginasolisalcantara","https://www.instagram.com/georginasolisalcantara/","Sin duda Dr. vienen tiempos mejores 火","https://www.instagram.com/p/Cxi_yXfyYq9/c/18288318895127207/","3 sem","Responder","Ver traducci贸n"
"","","","https://www.instagram.com/p/Cxi_yXfyYq9/","","","","","","","","23 de septiembre","","","","","","","","",""
"","","","https://www.instagram.com/p/CxYD_bhhL7k/liked_by/","Me gusta","128","","","","","","","","","","","","","","",""
"Verificado","Opciones del comentario","Me gusta","https://www.instagram.com/drcarloslomeli/","Ver traducci贸n","","https://instagram.fmex1-6.fna.fbcdn.net/v/t51.2885-19/377280327_842437724141956_2627779337152209387_n.jpg?stp=dst-jpg_s150x150&_nc_ht=instagram.fmex1-6.fna.fbcdn.net&_nc_cat=104&_nc_ohc=b5AUPq10LpYAX_DSIns&edm=ABmJApABAAAA&ccb=7-5&oh=00_AfAi9pYoTMYblTD8VoMtDe_VKLen9BV_5tQ8L9FFkcV0Ew&oe=6531E74E&_nc_sid=b41fef","drcarloslomeli","https://www.instagram.com/drcarloslomeli/","Cuando se trata de defender a Jalisco, no hay vuelta atr谩s. Siempre estar茅 aqu铆, firme y sin titubeos, dispuesto a enfrentar a los malos gobiernos naranjas. 隆Juntos construiremos un Jalisco mejor!","3 sem","","https://www.instagram.com/jaliskillo420/","https://instagram.fmex1-4.fna.fbcdn.net/v/t51.2885-19/271261857_1009533939905875_2127187104145928674_n.jpg?stp=dst-jpg_s150x150&_nc_ht=instagram.fmex1-4.fna.fbcdn.net&_nc_cat=107&_nc_ohc=lEIdp1cDZZEAX_coK1x&edm=AId3EpQBAAAA&ccb=7-5&oh=00_AfCmxke8Q2U6uwtkbWPhPp3HJzRVl_9B7_GZCVpfW69f7A&oe=65333935&_nc_sid=f5838a","jaliskillo420","https://www.instagram.com/jaliskillo420/","Jajajaja y que me dice de sus medicamentos que me cuenta de su pasado recluido?","https://www.instagram.com/p/CxYD_bhhL7k/c/18019336732780700/","3 sem","2 Me gusta","Ver traducci贸n"
"","","","https://www.instagram.com/p/CxYD_bhhL7k/","","","","","","","","19 de septiembre","","","","","","","","",""
"","","","https://www.instagram.com/p/CxW2ydXAqjn/liked_by/","Me gusta","89","","","","","","","","","","","","","","",""
"Verificado","Opciones del comentario","Me gusta","https://www.instagram.com/drcarloslomeli/","Ver traducci贸n","","https://instagram.fmex1-6.fna.fbcdn.net/v/t51.2885-19/377280327_842437724141956_2627779337152209387_n.jpg?stp=dst-jpg_s150x150&_nc_ht=instagram.fmex1-6.fna.fbcdn.net&_nc_cat=104&_nc_ohc=b5AUPq10LpYAX_DSIns&edm=ABmJApABAAAA&ccb=7-5&oh=00_AfAi9pYoTMYblTD8VoMtDe_VKLen9BV_5tQ8L9FFkcV0Ew&oe=6531E74E&_nc_sid=b41fef","drcarloslomeli","https://www.instagram.com/drcarloslomeli/","Solamente sumando esfuerzos se puede lograr el objetivo de transformar Jalisco.Me siento muy agradecido con el gran recibimiento y las muestras de apoyo que nos hicieron vecinas y vecinos del Parque del Refugio. La gente pide un cambio 隆se ve y se siente!","3 sem","","https://www.instagram.com/georginasolisalcantara/","https://instagram.fmex1-1.fna.fbcdn.net/v/t51.2885-19/129609365_5043149529058902_4370828928967476326_n.jpg?stp=dst-jpg_s150x150&_nc_ht=instagram.fmex1-1.fna.fbcdn.net&_nc_cat=106&_nc_ohc=Cj6xfAz-M0cAX936Kc0&edm=AId3EpQBAAAA&ccb=7-5&oh=00_AfC91dN5sEmYxkxs6SFMYkt_3JWK2XPp5UJKVwPpqirE5A&oe=653260A5&_nc_sid=f5838a","georginasolisalcantara","https://www.instagram.com/georginasolisalcantara/"," Dr. por lo que viene","https://www.instagram.com/p/CxW2ydXAqjn/c/17949098759678925/","3 sem","Responder","Ver traducci贸n"
"","","","https://www.instagram.com/p/CxW2ydXAqjn/","","","","","","","","18 de septiembre","","","","","","","","",""
"","","","https://www.instagram.com/p/CxUMxJHBQ7Z/liked_by/","Me gusta","77","","","","","","","","","","","","","","",""
"Verificado","Opciones del comentario","Me gusta","https://www.instagram.com/drcarloslomeli/","Ver traducci贸n","","https://instagram.fmex1-6.fna.fbcdn.net/v/t51.2885-19/377280327_842437724141956_2627779337152209387_n.jpg?stp=dst-jpg_s150x150&_nc_ht=instagram.fmex1-6.fna.fbcdn.net&_nc_cat=104&_nc_ohc=b5AUPq10LpYAX_DSIns&edm=ABmJApABAAAA&ccb=7-5&oh=00_AfAi9pYoTMYblTD8VoMtDe_VKLen9BV_5tQ8L9FFkcV0Ew&oe=6531E74E&_nc_sid=b41fef","drcarloslomeli","https://www.instagram.com/drcarloslomeli/","Esta Transformaci贸n est谩 avanzando en todo el pa铆s y ya nadie la detiene; es el momento de que se escuche la voz de Jalisco y de quienes queremos un estado de bienestar, tranquilidad y prosperidad.隆En 2024, nuestro destino est谩 en nuestras manos!","4 sem","","https://www.instagram.com/canougmx/","https://instagram.fmex1-5.fna.fbcdn.net/v/t51.2885-19/380564036_284017144398145_5925014082923711819_n.jpg?stp=dst-jpg_s150x150&_nc_ht=instagram.fmex1-5.fna.fbcdn.net&_nc_cat=101&_nc_ohc=oDbrKI2a3IgAX_v1KPQ&edm=AId3EpQBAAAA&ccb=7-5&oh=00_AfAK1Fnj1tq6H_hH7lxujoxyTJR-xgjuPIQoPh0apaORjA&oe=6532302C&_nc_sid=f5838a","canougmx","https://www.instagram.com/canougmx/","Vamos con buen rumbo, a construir la Transformaci贸n de Jalisco! Con todo Doc!","https://www.instagram.com/p/CxUMxJHBQ7Z/c/18225358936219870/","4 sem","Responder","Ver traducci贸n"
"","","","https://www.instagram.com/p/CxUMxJHBQ7Z/","","","","","","","","17 de septiembre","","","","","","","","",""
"","","","https://www.instagram.com/p/CxOXPKCJTct/liked_by/","Me gusta","58","","","","","","","","","","","","","","",""
"Verificado","","","https://www.instagram.com/drcarloslomeli/","Ver traducci贸n","","https://instagram.fmex1-6.fna.fbcdn.net/v/t51.2885-19/377280327_842437724141956_2627779337152209387_n.jpg?stp=dst-jpg_s150x150&_nc_ht=instagram.fmex1-6.fna.fbcdn.net&_nc_cat=104&_nc_ohc=b5AUPq10LpYAX_DSIns&edm=ABmJApABAAAA&ccb=7-5&oh=00_AfAi9pYoTMYblTD8VoMtDe_VKLen9BV_5tQ8L9FFkcV0Ew&oe=6531E74E&_nc_sid=b41fef","drcarloslomeli","https://www.instagram.com/drcarloslomeli/","Con tu mano y con mi mano, juntos podemos construir el Jalisco que nos merecemos.隆Vamos adelante!","4 sem","","","","","","","","","",""
"","","","https://www.instagram.com/p/CxOXPKCJTct/","","","","","","","","15 de septiembre","","","","","","","","",""
"","","","https://www.instagram.com/p/CxMkNblu1tK/liked_by/","Me gusta","100","","","","","","","","","","","","","","",""
"Verificado","Opciones del comentario","Me gusta","https://www.instagram.com/drcarloslomeli/","Ver traducci贸n","","https://instagram.fmex1-6.fna.fbcdn.net/v/t51.2885-19/377280327_842437724141956_2627779337152209387_n.jpg?stp=dst-jpg_s150x150&_nc_ht=instagram.fmex1-6.fna.fbcdn.net&_nc_cat=104&_nc_ohc=b5AUPq10LpYAX_DSIns&edm=ABmJApABAAAA&ccb=7-5&oh=00_AfAi9pYoTMYblTD8VoMtDe_VKLen9BV_5tQ8L9FFkcV0Ew&oe=6531E74E&_nc_sid=b41fef","drcarloslomeli","https://www.instagram.com/drcarloslomeli/","El d铆a de hoy tuve la oportunidad de acompa帽ar a mi amigo  en su segundo informe como presidente municipal de Puerto Vallarta. Desde el inicio de su administraci贸n, el Profe ha demostrado su compromiso con la gente, al poner al centro de su gobierno, los principios que definen a la Cuarta Transformaci贸n. 隆Enhorabuena, Profe!","4 sem","","https://www.instagram.com/karlapatriciamarquez/","https://instagram.fmex1-1.fna.fbcdn.net/v/t51.2885-19/326046438_699509731633302_7675169611527381977_n.jpg?stp=dst-jpg_s150x150&_nc_ht=instagram.fmex1-1.fna.fbcdn.net&_nc_cat=106&_nc_ohc=w9WCUSj6U7IAX87bVIu&edm=AId3EpQBAAAA&ccb=7-5&oh=00_AfCmw8siPqolG0FIeA77LpSlkBI9cpSqCbvdaCjBn_i6pA&oe=65337EA3&_nc_sid=f5838a","karlapatriciamarquez","https://www.instagram.com/karlapatriciamarquez/","Es un honor estar con el Dr. わ","https://www.instagram.com/p/CxMkNblu1tK/c/17935333757635745/","4 sem","Responder","Ver traducci贸n"
"","","","https://www.instagram.com/p/CxMkNblu1tK/","","","","","","","","14 de septiembre","","","","","","","","",""
"","","","https://www.instagram.com/p/CxL1Lb1P4om/liked_by/","Me gusta","35","","","","","","","","","","","","","","",""
"Verificado","Opciones del comentario","Me gusta","https://www.instagram.com/drcarloslomeli/","Ver traducci贸n","","https://instagram.fmex1-6.fna.fbcdn.net/v/t51.2885-19/377280327_842437724141956_2627779337152209387_n.jpg?stp=dst-jpg_s150x150&_nc_ht=instagram.fmex1-6.fna.fbcdn.net&_nc_cat=104&_nc_ohc=b5AUPq10LpYAX_DSIns&edm=ABmJApABAAAA&ccb=7-5&oh=00_AfAi9pYoTMYblTD8VoMtDe_VKLen9BV_5tQ8L9FFkcV0Ew&oe=6531E74E&_nc_sid=b41fef","drcarloslomeli","https://www.instagram.com/drcarloslomeli/","Los lonches del Mercado Corona son una joya culinaria en Guadalajara. 驴Ya los probaste? Les prometo que les van a encantar.","4 sem","","https://www.instagram.com/fauconniere/","https://instagram.fmex1-5.fna.fbcdn.net/v/t51.2885-19/17333912_421694091500055_2861585466346438656_a.jpg?stp=dst-jpg_s150x150&_nc_ht=instagram.fmex1-5.fna.fbcdn.net&_nc_cat=103&_nc_ohc=_R_HoVF_iEwAX_XA_9N&edm=AId3EpQBAAAA&ccb=7-5&oh=00_AfDGQZBJ3ffaz-7yWNMFx-iM2bscjOni_1laX4SodUGZRg&oe=6531E999&_nc_sid=f5838a","fauconniere","https://www.instagram.com/fauconniere/","Dice Tita que no dejo propina Doc...no mame","https://www.instagram.com/p/CxL1Lb1P4om/c/17960088896637906/","4 sem","Responder","Ver traducci贸n"
"","","","https://www.instagram.com/p/CxL1Lb1P4om/","","","","","","","","14 de septiembre","","","","","","","","",""
"","","","https://www.instagram.com/p/CxLX_LgOgKg/liked_by/","Me gusta","466","","","","","","","","","","","","","","",""
"Verificado","Opciones del comentario","Me gusta","https://www.instagram.com/drcarloslomeli/","Ver traducci贸n","","https://instagram.fmex1-6.fna.fbcdn.net/v/t51.2885-19/377280327_842437724141956_2627779337152209387_n.jpg?stp=dst-jpg_s150x150&_nc_ht=instagram.fmex1-6.fna.fbcdn.net&_nc_cat=104&_nc_ohc=b5AUPq10LpYAX_DSIns&edm=ABmJApABAAAA&ccb=7-5&oh=00_AfAi9pYoTMYblTD8VoMtDe_VKLen9BV_5tQ8L9FFkcV0Ew&oe=6531E74E&_nc_sid=b41fef","drcarloslomeli","https://www.instagram.com/drcarloslomeli/","Nos merecemos un gobierno que s铆 pueda cumplir su palabra.Les comparto esta reflexi贸n:","4 sem","","https://www.instagram.com/jesetc_/","https://instagram.fmex1-4.fna.fbcdn.net/v/t51.2885-19/376757278_136514599537628_93650117377805563_n.jpg?stp=dst-jpg_s150x150&_nc_ht=instagram.fmex1-4.fna.fbcdn.net&_nc_cat=108&_nc_ohc=cFX1cs-cECQAX_PyEn-&edm=AId3EpQBAAAA&ccb=7-5&oh=00_AfDeT4iClu_kLfL2DLz-lXgwhGfyRe1GpzG08_U6-3l6gQ&oe=65333731&_nc_sid=f5838a","jesetc_","https://www.instagram.com/jesetc_/","El se帽or que hace negocios en el imss, pura basura los morenistas...","https://www.instagram.com/p/CxLX_LgOgKg/c/17972458337391076/","3 sem","Responder","Ver traducci贸n"
"","","","https://www.instagram.com/p/CxLX_LgOgKg/","","","","","","","","14 de septiembre","","","","","","","","",""
"","","","https://www.instagram.com/p/CxIn23HOP_c/liked_by/","Me gusta","46","","","","","","","","","","","","","","",""
"Verificado","","","https://www.instagram.com/drcarloslomeli/","Ver traducci贸n","","https://instagram.fmex1-6.fna.fbcdn.net/v/t51.2885-19/377280327_842437724141956_2627779337152209387_n.jpg?stp=dst-jpg_s150x150&_nc_ht=instagram.fmex1-6.fna.fbcdn.net&_nc_cat=104&_nc_ohc=b5AUPq10LpYAX_DSIns&edm=ABmJApABAAAA&ccb=7-5&oh=00_AfAi9pYoTMYblTD8VoMtDe_VKLen9BV_5tQ8L9FFkcV0Ew&oe=6531E74E&_nc_sid=b41fef","drcarloslomeli","https://www.instagram.com/drcarloslomeli/","Siempre he luchado y trabajado por mis sue帽os, pero no lo he hecho solo, he estado acompa帽ado de grandes personas que me han ayudado a conseguirlos.Les comparto la segunda parte del  con mi amigo el Dr. scar Lomel铆.","4 sem","","","","","","","","","",""
"","","","https://www.instagram.com/p/CxIn23HOP_c/","","","","","","","","13 de septiembre","","","","","","","","",""
"","","","https://www.instagram.com/p/CxCMz0TuyNX/liked_by/","Me gusta","123","","","","","","","","","","","","","","",""
"Verificado","","","https://www.instagram.com/drcarloslomeli/","Ver traducci贸n","","https://instagram.fmex1-6.fna.fbcdn.net/v/t51.2885-19/377280327_842437724141956_2627779337152209387_n.jpg?stp=dst-jpg_s150x150&_nc_ht=instagram.fmex1-6.fna.fbcdn.net&_nc_cat=104&_nc_ohc=b5AUPq10LpYAX_DSIns&edm=ABmJApABAAAA&ccb=7-5&oh=00_AfAi9pYoTMYblTD8VoMtDe_VKLen9BV_5tQ8L9FFkcV0Ew&oe=6531E74E&_nc_sid=b41fef","drcarloslomeli","https://www.instagram.com/drcarloslomeli/","Esta ma帽ana particip茅 en la Tercera Sesi贸n Ordinaria del Consejo Nacional Morena, donde se entreg贸 la constancia que acredita a mi amiga  como la Coordinadora de los Comit茅s de Defensa de la 4T.En ese contexto, Claudia nos inst贸 a establecer Comit茅s de Defensa en todo el pa铆s para lograr la unidad y promover los logros del gobierno del Presidente . En  tenemos un arduo trabajo por delante y continuaremos construyendo un mejor futuro para el pa铆s.","5 sem","","https://www.instagram.com/lopezobrador/","","@lopezobrador","https://www.instagram.com/morena_partido/","","","","",""
"","","","https://www.instagram.com/p/CxCMz0TuyNX/","","","","","","","","10 de septiembre","","","","","","","","",""
"","","","https://www.instagram.com/p/CxBjBYuOxab/liked_by/","Me gusta","185","","","","","","","","","","","","","","",""
"Verificado","Opciones del comentario","Me gusta","https://www.instagram.com/drcarloslomeli/","Ver traducci贸n","","https://instagram.fmex1-6.fna.fbcdn.net/v/t51.2885-19/377280327_842437724141956_2627779337152209387_n.jpg?stp=dst-jpg_s150x150&_nc_ht=instagram.fmex1-6.fna.fbcdn.net&_nc_cat=104&_nc_ohc=b5AUPq10LpYAX_DSIns&edm=ABmJApABAAAA&ccb=7-5&oh=00_AfAi9pYoTMYblTD8VoMtDe_VKLen9BV_5tQ8L9FFkcV0Ew&oe=6531E74E&_nc_sid=b41fef","drcarloslomeli","https://www.instagram.com/drcarloslomeli/","隆Listo para acompa帽ar a nuestra compa帽era  en el Consejo Nacional de MORENA!","5 sem","","https://www.instagram.com/corporativoguzman/","https://instagram.fmex1-4.fna.fbcdn.net/v/t51.2885-19/243149185_3002458523347675_5348016708643712073_n.jpg?stp=dst-jpg_s150x150&_nc_ht=instagram.fmex1-4.fna.fbcdn.net&_nc_cat=107&_nc_ohc=0iPjmzGIdzEAX8NNxf8&edm=AId3EpQBAAAA&ccb=7-5&oh=00_AfCaBb5HfVUPyOarw4QFr3vcvOyiPHfz_rbJZPgFjX_KrA&oe=653203F9&_nc_sid=f5838a","corporativoguzman","https://www.instagram.com/corporativoguzman/","Se帽or lomeli. Usted va a ser candidato de morena a la gobernatura?","https://www.instagram.com/p/CxBjBYuOxab/c/17923291334688168/","5 sem","Responder","Ver traducci贸n"
"","","","https://www.instagram.com/p/CxBjBYuOxab/","","","","","","","","10 de septiembre","","","","","","","","",""