texto,time,comentarios,repost,me gusta,me encanta,me divierte,me importa,me enoja,me asombra,me entristece,reaction_count,texto_ingles,emocion
#EnVivo Conferencia de prensa 30 de octubre,2023-10-30 09:43:31,17,2,34,11.0,,,,,,45,#Envivo Press Conference October 30,neutral
"En todos estos a√±os, he tenido el privilegio de recorrer cada rinc√≥n de Jalisco, de conocer a su gente, sus sue√±os, y sus desaf√≠os. Gracias al esfuerzo y compromiso que hemos tenido, nos hemos ganado el cari√±o y la amistad de personas maravillosas. ¬°Gracias por su confianza!",2023-10-29 19:00:01,27,43,77,15.0,3.0,1.0,,,,96,"In all these years, I have had the privilege of traveling every corner of Jalisco, to meet its people, their dreams, and their challenges. Thanks to the effort and commitment we have had, we have earned the love and friendship of wonderful people. Thank you for your trust!",admiration
Estoy inmensamente feliz de contar con la amistad de la Dra. Claudia Sheinbaum. Su capacidad y honestidad son un faro de esperanza para nuestra lucha.,2023-10-28 19:00:32,13,7,90,18.0,2.0,1.0,1.0,,,112,I am immensely happy to have the friendship of Dr. Claudia Sheinbaum. Its ability and honesty are a lighthouse of hope for our struggle.,joy
"Me siento profundamente orgulloso de ser parte de un movimiento pol√≠tico que promueve la honestidad, porque soy un hombre honesto que trabaja incansablemente por el bienestar de la gente.

Gracias por su confianza y su apoyo para poder defender el proyecto de la #CuartaTransformaci√≥n en Jalisco.",2023-10-28 13:02:00,51,99,274,46.0,5.0,3.0,,,,328,"I feel deeply proud to be part of a political movement that promotes honesty, because I am an honest man who works tirelessly for the well -being of people.

Thank you for your trust and support to be able to defend the #Cuartatransformation project in Jalisco.",admiration
"Mi compromiso es estar cerca de ustedes. Cada foto representa una historia, un momento compartido. Cada apret√≥n de manos, cada sonrisa, es una raz√≥n m√°s que me impulsa a seguir en este camino. Esto lo logramos juntas y juntos.",2023-10-27 16:30:00,14,7,73,14.0,,1.0,,,,88,"My commitment is to be close to you. Each photo represents a story, a shared moment. Each handshake, every smile, is one more reason that drives me to continue on this path. We achieved this together and together.",joy
"Me considero un l√≠der capaz, comprometido y valiente. Alguien que conoce de cerca los desaf√≠os que enfrentamos. Alguien que no retrocede ante las dificultades, por el contrario, las encaro con determinaci√≥n, porque el cari√±o de ustedes son el motor que me impulsa a seguir adelante. ¬°La uni√≥n hace la fuerza!",2023-10-27 13:00:00,16,10,117,22.0,3.0,1.0,,,,143,"I consider myself a capable, committed and brave leader. Someone who knows closely the challenges we face. Someone who does not go back to the difficulties, on the contrary, I take them with determination, because your love is the engine that drives me to move on. Union make force!",admiration
"Agradezco infinitamente el apoyo de quienes como yo, anhelan que la 4T llegue a Jalisco. ¬°Vamos juntas y juntos en este sue√±o!",2023-10-27 08:00:03,44,29,156,32.0,,1.0,1.0,,,190,"I infinitely appreciate the support of those who like me, yearn to get the 4T to Jalisco. Let's go together and together in this dream!",admiration
"En El Salto encontramos amistad, confianza y apoyo para defender juntas y juntos la 4T en Jalisco.

Gracias por estar a nuestro lado, su confianza y cari√±o son nuestro motor. ¬°Hagamos historia en Jalisco",2023-10-26 22:38:56,33,16,195,38.0,4.0,2.0,,,,239,"In the jump we find friendship, trust and support to defend together and together the 4T in Jalisco.

Thank you for being by our side, your trust and affection are our engine. Let's make history in Jalisco",gratitude
"Nuestra solidaridad est√° con las familias de Acapulco, en especial con quienes han perdido a un ser querido debido al hurac√°n Otis.

En estos momentos dif√≠ciles, la unidad y la ayuda son fundamentales. TeVer m√°s invitamos a contribuir y donar lo necesario en los centros de acopio del ISSSTE en Guadalajara para apoyar a las personas afectadas en Acapulco.

Entre todas y todos, podemos marcar la diferencia y brindar el apoyo tan necesario.",2023-10-26 16:08:05,1,4,55,5.0,,1.0,,,,61,"Our solidarity is with Acapulco's families, especially with those who have lost a loved one due to Hurricane Otis.

In these difficult times, unity and help are fundamental. Tever more invite you to contribute and donate what is necessary in the ISSSTE collection centers in Guadalajara to support the people affected in Acapulco.

Among all, we can make a difference and provide so necessary support.",caring
"La honestidad me ha llevado a ganarme el respeto y cari√±o de las personas. No tomo a la ligera sus palabras, aqu√≠, lo que se promete, ¬°se cumple!",2023-10-26 14:00:02,11,74,89,14.0,1.0,,,,,104,"Honesty has led me to win the respect and affection of people. I do not take his words lightly, here, what is promised, is fulfilled!",optimism
"Me llena de felicidad voltear al pasado y recordar mis inicios en Morena, siempre impulsados por la honestidad, el respeto y el compromiso con el pueblo.

¬°Gracias a todos quienes me han acompa√±ado en esteVer m√°s camino! Estamos en la recta final de un largo recorrido en el que hemos trabajado mucho, pero estoy convencido de que nos esperan cosas realmente grandes.",2023-10-26 09:00:21,37,19,151,21.0,1.0,2.0,,,,175,"It fills me with happiness to turn to the past and remember my beginnings in Morena, always driven by honesty, respect and commitment to the people.

Thanks to all those who have accompanied me in this more way! We are in the final stretch of a long journey in which we have worked hard, but I am convinced that really great things await us.",gratitude
"Tuve el honor de pasar un momento muy especial en Tlajomulco, donde compart√≠ con cientos de personas las razones por las que aspiro a ser el Coordinador de los Comit√©s de las Defensa de la 4T en Jalisco.

Gracias por su recibimiento y amistad. ¬°Juntas y juntos haremos que la transformaci√≥n llegue a Jalisco!",2023-10-25 22:05:36,17,5,157,20.0,,2.0,1.0,,,180,"I had the honor of spending a very special moment in Tlajomulco, where I shared with hundreds of people the reasons why I aspire to be the coordinator of the 4T defense committees in Jalisco.

Thanks for your reception and friendship. Together and together we will make the transformation reach Jalisco!",gratitude
"Desde inicios de mi carrera, mi objetivo siempre ha sido ayudar a las personas que m√°s lo necesitan. ¬°Muchas gracias a quienes me han acompa√±ado en este camino! Todav√≠a falta mucho por recorrer, pero estoy convencido de que vienen cosas muy grandes.",2023-10-25 17:00:02,22,19,146,17.0,,2.0,1.0,,,166,"Since the beginning of my career, my goal has always been to help the people who need it most. Thank you very much to those who have accompanied me on this path! There is still much to go, but I am convinced that very big things come.",gratitude
"Hoy, nuestra compa√±era Mar√≠a Padilla Romo rindi√≥ su segundo informe como Diputada de Jalisco. Quiero expresar mi profunda admiraci√≥n por sus incansables esfuerzos en la lucha por la igualdad y la justicia social.

Mar√≠a es un ejemplo de valent√≠a y compromiso para todas y todos. ¬°Todo nuestro apoyo en tu segundo informe!",2023-10-25 14:52:01,11,10,173,25.0,,3.0,,,,201,"Today, our partner Mar√≠a Padilla Romo gave her second report as deputy of Jalisco. I want to express my deep admiration for its tireless efforts in the struggle for equality and social justice.

Maria is an example of courage and commitment to everyone. All our support in your second report!",admiration
"Hoy, como cada 25 del mes, conmemoramos el D√≠a para generar conciencia y prevenir la violencia contra mujeres y ni√±as. Es un d√≠a para reflexionar sobre nuestras acciones.

Juntas y juntos, hagamos un llamado a la paz y al respeto, ¬°hoy y todos los d√≠as!",2023-10-25 09:28:25,5,1,60,10.0,,,,,,70,"Today, as every 25 of the month, we commemorate the day to raise awareness and prevent violence against women and girls. It is a day to reflect on our actions.

Together and together, let's call for peace and respect, today and every day!",joy
"Han sido casi 20 a√±os de lucha, esfuerzo y dedicaci√≥n. Somos tercos, y para lograr una verdadera transformaci√≥n, se requiere car√°cter y valent√≠a. Es un honor estar con ustedes y recibir tanto cari√±o. ¬°Esto lo hacemos juntos!",2023-10-24 16:24:17,18,14,109,13.0,,,,,,122,"There have been almost 20 years of struggle, effort and dedication. We are third, and to achieve a true transformation, character and courage is required. It is an honor to be with you and receive so much love. We do this together!",joy
Mi √∫nico camino es la honestidad y el amor por nuestra gente.,2023-10-24 10:00:13,36,16,171,23.0,3.0,2.0,,,,199,My only way is honesty and love for our people.,approval
"Para quienes tenemos esta vocaci√≥n y dedicamos nuestra vida a esta hermosa profesi√≥n, sabemos que ser m√©dico va m√°s all√° de tener un t√≠tulo; es un compromiso, una promesa de cuidar la salud y el bienestar deVer m√°s las personas.

En este D√≠a del M√©dico, celebremos la valent√≠a, el compromiso y los valores humanos que cada m√©dico aporta a la sociedad. A todos mis colegas, ¬°feliz d√≠a!",2023-10-23 13:42:26,17,4,83,13.0,,1.0,,,,97,"For those of us who have this vocation and dedicate our life to this beautiful profession, we know that being a doctor goes beyond having a title; It is a commitment, a promise to take care of health and well -being to more people.

On this doctor's day, let's celebrate the courage, commitment and human values ‚Äã‚Äãthat each doctor brings to society. To all my colleagues, happy day!",admiration
"Estoy seguro que con el apoyo y respaldo de la gente de La Barca y de toda la regi√≥n de la Ci√©naga, lograremos defender a la 4T en Jalisco.

Agradezco la confianza y el cari√±o. ¬°Juntas y juntos lo lograremos!",2023-10-21 21:04:40,20,23,162,24.0,1.0,2.0,,,,189,"I am sure that with the support and support of the people of the boat and the entire Ci√©naga region, we will defend the 4T in Jalisco.

I appreciate trust and love. Together and we will achieve it together!",admiration
"¬°Nada m√°s jalisciense que una buena birria de La Barca!

Panza llena, coraz√≥n contento para seguir recorriendo nuestro estado.",2023-10-21 16:41:58,123,35,383,40.0,31.0,2.0,1.0,,,457,"Nothing more Jalisco than a good birria of the boat!

Full belly, happy heart to continue touring our state.",admiration
Llevo 20 a√±os caminando los senderos de Jalisco y cada d√≠a estoy m√°s orgulloso de ser de aqu√≠.,2023-10-21 12:00:01,35,16,127,25.0,,2.0,,,,154,I have been walking the paths of Jalisco for 20 years and every day I am more proud to be from here.,pride
Resolvamos esto de una vez por todas. ¬øCu√°les son las mejores tortas ahogadas de Guadalajara?,2023-10-21 07:00:02,310,23,623,63.0,17.0,7.0,1.0,1.0,,712,Let's solve this once and for all. What are the best drowned cakes in Guadalajara?,curiosity
"Hoy, las y los amigos de Zapopan me invitaron a platicar en Tabachines y brindarme su apoyo para ser el Coordinador de los Comit√©s de Defensa de la 4T en Jalisco.

Tenemos muchos a√±os de compartir la lucha porVer m√°s un mejor Jalisco, fue con ellas y ellos con quienes fundamos el obradorismo en Zapopan hace muchos ayeres. ¬°Seguimos juntos en este camino!",2023-10-20 21:42:23,24,17,178,36.0,2.0,2.0,,,,218,"Today, Zapopan's friends invited me to talk in Tabachines and provide my support to be the coordinator of the 4T Defense Committees in Jalisco.

We have many years of sharing the fight to take more a better Jalisco, it was with them and they with whom we founded the workshop in Zapopan many Ayeres ago. We continue together on this path!",approval
"Hoy me di una vuelta por el hermoso barrio de Mexicaltzingo para saborear una deliciosa torta ahogada de ""Don Jos√© el de la Bicicleta"". ¬øGustan?",2023-10-20 11:31:26,79,34,497,60.0,6.0,2.0,2.0,,,567,"Today I turned around the beautiful neighborhood of Mexicaltzingo to savor a delicious cake drowned by ""Don Jos√© el de la Bicycle"". Like?",curiosity
"Profundamente agradecido con el cari√±o y apoyo que me han brindado hoy en Tlaquepaque, para poder lograr ser el Coordinador de los Comit√©s de la Defensa de la 4T en Jalisco.

¬°Amor con amor se paga!",2023-10-19 21:39:10,38,34,198,27.0,1.0,1.0,,,,227,"Deeply grateful to the love and support they have given me today in Tlaquepaque, in order to be able to be the coordinator of the 4T Defense Committees in Jalisco.

Love with love is paid!",gratitude
Las mujeres de M√©xico ya han roto el techo de cristal. Quienes militamos en este movimiento seguiremos apoyando su derecho a alcanzar sus aspiraciones y sue√±os.,2023-10-19 13:00:02,26,9,198,23.0,3.0,5.0,,,,229,The women of Mexico have already broken the glass roof. Those of us who militate in this movement will continue to support their right to achieve their aspirations and dreams.,approval
"En el D√≠a Internacional de la Lucha contra el C√°ncer de Mama, como m√©dico y ser humano, quiero unirme a esta causa crucial. Admiro profundamente la valent√≠a de quienes enfrentan esta batalla.
La detecci√≥nVer m√°s temprana es esencial en esta lucha. Invito a todas las jaliscienses a cuidar de su salud y programar revisiones regulares. ¬°Y juntos luchamos contra esa enfermedad!",2023-10-19 07:00:00,18,12,147,19.0,,,,,,166,"On the International Day of the Fight against Breast Cancer, as a doctor and human being, I want to join this crucial cause. I deeply admire the courage of those who face this battle.
The earliest detection is essential in this fight. I invite all Jalisco to take care of their health and schedule regular reviews. And together we fight that disease!",admiration
"Quiero agradecer de coraz√≥n a la Dra. Claudia Sheinbaum por ser parte de mi libro. Su historia es una inspiraci√≥n: desde sus d√≠as como una estudiante comprometida y una oradora apasionada, hasta su papelVer m√°s crucial en las luchas estudiantiles de los a√±os 70 y 80.

Claudia es un verdadero ejemplo de capacidad y dedicaci√≥n. Admiro profundamente su liderazgo y su incansable esfuerzo en favor del pueblo. Como bien menciona Arturo Cano en su libro: ¬°con personas como Claudia, sabemos que es posible! Sigamos trabajando juntas y juntos para un M√©xico mejor.",2023-10-18 20:00:00,25,34,264,87.0,,165.0,,,,516,"I want to thank Dr. Claudia Sheinbaum from the heart for being part of my book. His story is an inspiration: from his days as a committed student and a passionate speaker, to his most crucial role in the student struggles of the 70s and 80s.

Claudia is a real example of capacity and dedication. I deeply admire his leadership and his tireless effort in favor of the people. As Arturo Cano mentions in his book: With people like Claudia, we know it is possible! Let's keep working together and together for a better Mexico.",admiration
"Trabajo todos los d√≠as para cumplirle a la gente, que me da el regalo m√°s valioso: su confianza y amistad.",2023-10-18 12:00:03,65,67,314,47.0,5.0,2.0,,,,368,"I work every day to fulfill people, who gives me the most valuable gift: their trust and friendship.",gratitude
Los sonidos de Jalisco enamoran a todo M√©xico. ¬°Viva Jalisco! ¬°Viva el mariachi!,2023-10-17 14:00:00,33,20,258,43.0,2.0,2.0,,,,305,Jalisco's sounds fall in love with all of Mexico. Long live Jalisco! Long live the Mariachi!,neutral
Alguna vez mi madre me dijo que la confianza es dif√≠cil de ganar porque se sostiene con nuestro diario actuar. Veamos este nuevo d√≠a como una oportunidad para estar a la altura de nuestros dichos.,2023-10-17 09:30:01,47,22,166,24.0,1.0,3.0,,,,194,Once my mother told me that trust is difficult to win because it is sustained with our newspaper acting. Let's see this new day as an opportunity to live up to our sayings.,optimism
"Para ganarse el respeto y la confianza de las personas, hay que trabajar con honestidad e integridad.
Agradezco profundamente a todos los que me acompa√±an en esta ardua labor. ¬°Les deseo un excelente inicio de semana a todas y todos!",2023-10-16 16:30:01,41,40,262,83.0,,124.0,,,,469,"To earn people's respect and trust, we must work with honesty and integrity.
I deeply thank all those who accompany me in this arduous work. I wish you all of the week to all of the week!",gratitude
#EnVivo Conferencia de prensa 16 Octubre 2023,2023-10-16 09:32:25,15,5,67,11.0,1.0,2.0,,,,81,"#Envivo Press Conference October 16, 2023",approval
"Ser l√≠der es construir soluciones en equipo... ¬°y mi equipo es
Jalisco!",2023-10-15 20:00:00,73,11,263,36.0,13.0,6.0,,,,318,"Being leader is building team solutions ... And my team is
Jalisco!",neutral
"En Tepa y todos los Altos hay gente trabajadora, buena y dedicada, que con o sin apoyo, han sabido construir una de las regiones m√°s f√©rtiles y productivas de M√©xico y de toda Am√©rica.

¬°Gracias por recibirme este domingo!",2023-10-15 17:21:05,40,21,218,33.0,1.0,3.0,,,,255,"In Tepa and all the highs there are working, good and dedicated people, who with or without support, have managed to build one of the most fertile and productive regions of Mexico and all of America.

Thanks for receiving me this Sunday!",admiration
Conocer de cerca a la gente y sus historias me motiva y me llena de vida. Es un privilegio estar y compartir con ustedes. Gracias por inspirarme todos los d√≠as.,2023-10-14 12:00:00,22,25,200,31.0,1.0,3.0,,,,235,Knowing people closely and their stories motivates me and fills me with life. It is a privilege to be and share with you. Thanks for inspiring me every day.,gratitude
"En el oriente de Guadalajara y en todo Jalisco, ¬°ya se respira fuerte la 4T!

Queremos paz y tranquilidad, desarrollo y bienestar, y juntos podemos lograrlo. Gracias a los simpatizantes de mi partido por invitarme a conversar con ellos esta tarde. ¬°Somos invencibles cuando estamos juntos!",2023-10-13 22:03:59,60,29,305,37.0,2.0,5.0,,,,349,"In the East of Guadalajara and in all Jalisco, the 4T is already breathing strong!

We want peace and tranquility, development and well -being, and together we can achieve it. Thanks to the supporters of my game for inviting me to talk with them this afternoon. We are invincible when we are together!",gratitude
"Si ustedes est√°n conmigo, ¬øqui√©n puede contra nosotros juntos?",2023-10-13 13:00:00,69,48,238,51.0,,5.0,,,,294,"If you are with me, who can against us together?",curiosity
"Unidos por la transformaci√≥n, comprometidos con la 4T. En Jalisco, la unidad se fundamenta en los principios de MORENA, la organizaci√≥n, la movilizaci√≥n y la suma de todas las voluntades.

Con nuestras causas y MORENA por encima de todo, somos invencibles en Jalisco.

Creemos en un M√©xico y un Jalisco m√°s justo y equitativo.",2023-10-12 15:42:47,80,65,240,49.0,,6.0,,,,295,"United for the transformation, committed to the 4T. In Jalisco, the unit is based on the principles of Morena, the organization, the mobilization and the sum of all the wills.

With our causes and Morena above all, we are invincible in Jalisco.

We believe in a more fair and equitable Mexico and Jalisco.",approval
"Hoy celebramos 98 a√±os de la refundaci√≥n de la Universidad de Guadalajara , mi alma m√°ter. Aqu√≠ me forj√© como m√©dico y, a√∫n m√°s importante, descubr√≠ el valor de la solidaridad y el compromiso de trabajar por elVer m√°s bienestar de mi gente.

La UdeG es mucho m√°s que una instituci√≥n acad√©mica; es una conquista que garantiza el derecho a la educaci√≥n para quienes como yo, somos hijos del pueblo, un faro de conocimiento y un orgullo para Jalisco y el pa√≠s. ¬°Feliz aniversario, Universidad de Guadalajara!",2023-10-12 14:44:51,16,10,126,16.0,1.0,1.0,,,,144,"Today we celebrate 98 years of the re -foundation of the University of Guadalajara, my alma mater. Here I forged as a doctor and, even more important, I discovered the value of solidarity and the commitment to work for the more well -being of my people.

UdeG is much more than an academic institution; It is a conquest that guarantees the right to education for those who, we are children of the people, a lighthouse of knowledge and a pride for Jalisco and the country. Happy anniversary, University of Guadalajara!",joy
Gracias a quienes conf√≠an en m√≠: seguir√© trabajando para estar a la altura de sus esperanzas. ¬°Juntas y juntos somos imparables!,2023-10-11 12:25:34,52,14,213,32.0,,3.0,,,,248,Thanks to those who trust me: I will continue working to live up to their hopes. Together and together we are unstoppable!,gratitude
"Nunca debemos perder nuestros valores humanos; el deseo de ayudar y transformar la vida de las personas, son los principios que he seguido durante toda mi vida.",2023-10-10 20:00:00,43,17,181,35.0,2.0,2.0,,3.0,,223,We must never lose our human values; The desire to help and transform people's lives are the principles that I have followed throughout my life.,approval
"Quien cumple su palabra, no tiene miedo del pasado, ni del futuro.",2023-10-10 09:30:00,59,21,251,28.0,5.0,1.0,1.0,,,286,"Who fulfills his word, is not afraid of the past, or the future.",optimism
"Quiero tomar un momento para agradecerles de coraz√≥n por sus palabras y comentarios tan alentadores.
¬°Ustedes son mi motor y fuente de inspiraci√≥n!",2023-10-09 20:30:00,59,27,260,37.0,5.0,5.0,,,,307,"I want to take a moment to thank you for your heart for your words and comments so encouraging.
You are my engine and source of inspiration!",admiration
Ca√≠ en la tentaci√≥n de subirme al #90yearsbooktrend. ¬øQu√© les parece?,2023-10-09 16:01:13,130,16,544,83.0,132.0,11.0,2.0,11.0,1.0,784,I fell into temptation to get to #90yearsbooktrend. What do you think?,curiosity
#EnVivo Conferencia de prensa 09 de octubre 2024,2023-10-09 09:34:10,34,12,98,19.0,,,,,,117,"#Envivo Press Conference October 9, 2024",neutral
"Para cerrar la semana, es bueno recordar que el liderazgo se gana con amor y compromiso. Tengan un feliz domingo.",2023-10-08 20:00:00,26,4,111,18.0,,3.0,,,,132,"To close the week, it is good to remember that leadership is won with love and commitment. Have a happy Sunday.",joy
"Hoy tuvimos el honor de recibir a la Dra. Claudia Sheinbaum en Jalisco. Su compromiso con la Cuarta Transformaci√≥n nos llena de inspiraci√≥n.

¬°Apoyamos su liderazgo como Coordinadora de Defensa de la 4T!",2023-10-07 20:30:58,61,78,398,78.0,3.0,7.0,,,,486,"Today we had the honor of receiving Dr. Claudia Sheinbaum in Jalisco. His commitment to the fourth transformation fills us with inspiration.

We support your leadership as 4T Defense Coordinator!",admiration
"Saludando a una amiga de verdad, la primera mujer en ocupar la mas alta responsabilidad en M√©xico: la Dra. Claudia Sheinbaum. ¬°Ella es!",2023-10-07 13:36:07,67,95,427,75.0,4.0,7.0,1.0,,1.0,515,"Greeting a real friend, the first woman to occupy the highest responsibility in Mexico: Dr. Claudia Sheinbaum. She is!",neutral
"Hoy, mientras compart√≠a con mi esposa e hijas, reflexionaba sobre c√≥mo he tenido la bendici√≥n de conocer cada rinc√≥n de Jalisco y, en cada comunidad, he tenido al menos una amiga o amigo. ¬°Qu√© hermoso regalo me ha dado Dios!",2023-10-07 12:00:00,88,16,460,56.0,9.0,5.0,,,,530,"Today, while sharing with my wife and daughters, I reflected on how I had the blessing of knowing every corner of Jalisco and, in each community, I have had at least one friend or friend. What a beautiful gift God has given me!",admiration
"El d√≠a de hoy, tuve el gusto de compartir un momento muy especial con las y los vecinos de Tonal√°, quienes me invitaron a conversar sobre mi deseo de coordinar los Comit√©s de Defensa de la Cuarta Transformaci√≥nVer m√°s en Jalisco.

Todav√≠a falta mucho por hacer en Jalisco. Sigamos defendiendo el √∫nico movimiento que ama y respeta al pueblo. ¬°Gracias a la cuna alfarera por la invitaci√≥n!",2023-10-06 21:20:53,65,60,248,32.0,,4.0,,,,284,"Today, I had the pleasure of sharing a very special moment with the residents of Tonal√°, who invited me to talk about my desire to coordinate the defense committees of the fourth transformation see more in Jalisco.

There is still much to do in Jalisco. Let's continue defending the only movement that loves and respects the people. Thanks to the alfarera crib for the invitation!",gratitude
"¬øCoÃÅmo estaÃÅn? Cuando leo sus comentarios en las redes sociales y escucho a la gente en mis recorridos, no solo los comprendo, sino que tambieÃÅn encuentro el camino para trabajar incansablemente por un futuro mejor para el estado. La vida me ha ensenÃÉado a tener el compromiso de servir y trabajar con honestidad, dedicacioÃÅn y pasioÃÅn.",2023-10-06 13:00:01,80,16,314,43.0,5.0,3.0,,,,365,"How are they? When I read their comments on social networks and listen to people on my tours, I not only understand them, but also find the way to work tirelessly for a better future for the State. Life has taught me to have the commitment to serve and work with honesty, dedication and passion.",approval
"Llevo toda mi vida sirviendo a mi comunidad, y hoy, en el Distrito 4 de Zapopan, record√© mis primeras visitas de trabajo social hace casi dos d√©cadas, de la mano de j√≥venes que hoy son l√≠deres.

Todav√≠a hayVer m√°s muchas carencias, pero vamos a luchar, con la conciencia y el coraz√≥n, para transformar a Jalisco y traer el bienestar a todas las familias.",2023-10-05 21:00:51,49,20,243,30.0,,1.0,,,,274,"I have been serving my community all my life, and today, in District 4 of Zapopan, I remembered my first social work visits almost two decades, by the hand of young people who are leaders today.

There are still more much deficiencies, but we are going to fight, with consciousness and heart, to transform Jalisco and bring well -being to all families.",realization
"Las mujeres de Jalisco merecen vivir libres, plenas y con dignidad. Hagamos de este suenÃÉo una realidad.",2023-10-05 07:00:03,18,13,130,15.0,,,1.0,,,146,"Jalisco's women deserve to live free, full and dignity. Let's make this dream a reality.",approval
"El d√≠a de hoy tengo el honor de compartir un di√°logo con militantes y simpatizantes de Morena en Teuchitl√°n. En esta reuni√≥n, les hablo sobre mi compromiso con la Cuarta Transformaci√≥n y por qu√© motivo aspiro aVer m√°s coordinar los Comit√©s de Defensa de la #4T en Jalisco.

Llevo casi 20 a√±os comprometido en esta lucha por un M√©xico mejor, y ahora, m√°s que nunca, aspiro a que esta transformaci√≥n llegue a nuestro estado en buenas manos.

Juntos, seremos el motor de la esperanza y la transformaci√≥n para Jalisco.",2023-10-04 20:02:49,64,27,272,34.0,3.0,2.0,,,,311,"Today I have the honor of sharing a dialogue with MORENA militants and supporters in Teuchitl√°n. In this meeting, I talk about my commitment to the fourth transformation and why I aspire to coordinate the defense committees of the #4T in Jalisco.

I have been committed to this fight for a better Mexico for almost 20 years, and now, more than ever, I aspire that this transformation reaches our state in good hands.

Together, we will be the engine of hope and transformation for Jalisco.",pride
"Con perseverancia, compromiso y mucho trabajo, los sue√±os se cumplen.",2023-10-04 12:00:00,24,18,135,19.0,,,,,,154,"With perseverance, commitment and a lot of work, dreams are fulfilled.",approval
"El inversor y empresario Warren Buffett acu√±√≥
la frase: ""La honestidad es un regalo costoso,
no lo esperes de personas baratas"". Y sin duda,
en la vida, la integridad es la base de una
sociedad fuerte y pr√≥spera. ¬°Tengan un buen
arranque de semana!",2023-10-02 17:01:29,105,37,529,167.0,12.0,65.0,,,,773,"The investor and businessman Warren Buffett coined
The phrase: ""honesty is an expensive gift,
Don't expect it from cheap people. ""And without a doubt,
In life, integrity is the basis of a
strong and prosperous society. Have a good
Week start!",optimism
,2023-10-02 09:44:48,36,28,273,148.0,2.0,48.0,1.0,,,472,Nan,disapproval
"En 2017, mi amigo y maestro Andr√©s Manuel L√≥pez Obrador escribi√≥ este libro, poniendo claro su proyecto alternativo de naci√≥n.
A seis a√±os, y listos para la siguiente transformaci√≥n, s√≥lo puedo decir:
Misi√≥n cumplida, Presidente.",2023-10-01 20:00:01,24,25,183,27.0,1.0,1.0,,,,212,"In 2017, my friend and teacher Andr√©s Manuel L√≥pez Obrador wrote this book, making clear his alternative nation project.
Six years old, and ready for the next transformation, I can only say:
Mission fulfilled, president.",optimism
"Los quioscos de Jalisco est√°n llenos de historia y recuerdos.
A ver, ¬øcu√°les reconocen de estas fotos?",2023-09-30 12:00:00,26,36,273,24.0,2.0,4.0,,,,303,"Jalisco kiosks are full of history and memories.
Let's see, which ones do you recognize from these photos?",confusion
"Con el pueblo todo, por el pueblo todo.",2023-09-29 13:00:00,43,14,263,22.0,1.0,5.0,,,,291,"With the people everything, for the people everything.",neutral
No podemos cerrar los ojos ante la injusticia. La brecha salarial de g√©nero persiste y no podemos permitir que eso siga pasando.,2023-09-28 07:00:01,16,12,145,12.0,1.0,4.0,,,,162,We cannot close our eyes to injustice. The gender wage gap persists and we cannot allow that to continue.,realization
"El d√≠a de hoy se realiz√≥ la segunda Sesi√≥n Extraordinaria del Consejo Estatal de Morena, de la que salimos m√°s fortalecidos como movimiento. Agradezco a mis compa√±eras y compa√±eros por su compromiso yVer m√°s dedicaci√≥n.

Estamos llamados a ser parte de un proyecto transformador para Jalisco, y juntos lograremos un estado m√°s justo y equitativo.

En este camino, nuestra unidad es nuestra mayor fortaleza. Sigamos adelante con un proceso interno limpio, incluyente y respetuoso, y que sea el pueblo de Jalisco quien decida. ¬°Juntas y juntos somos m√°s fuertes!",2023-09-27 22:41:13,109,70,415,68.0,7.0,6.0,,,,496,"Today the second extraordinary session of the State Council of Morena was held, from which we were more strengthened as movement. I thank my partners and colleagues for their commitment and see more dedication.

We are called to be part of a transforming project for Jalisco, and together we will achieve a fairer and more equitable state.

On this path, our unity is our greatest strength. Let us continue with a clean, inclusive and respectful internal process, and that it is the people of Jalisco who decides. Together and together we are stronger!",admiration
"Todo se puede lograr si trabajamos con convicci√≥n y honestidad.
¬°Hagamos posibles nuestros sue√±os!",2023-09-27 12:00:01,36,34,275,32.0,8.0,4.0,,,,319,"Everything can be achieved if we work with conviction and honesty.
Let's make our dreams possible!",approval
"Hoy estamos ante un proyecto que arrancamos hace 19 a√±os; que ha soportado innumerables ataques y descalificaciones. Pero nada nos ha detenido, y aqu√≠ estoy con la cabeza en alto y el coraz√≥n encendido a puntoVer m√°s de alcanzar el sue√±o.

La esperanza es lo que nos ha mantenido en todos estos a√±os, luchando, trabajando y construyendo este gran movimiento de transformaci√≥n que hoy exigen las y los jaliscienses. Estamos preparados, estamos listos, y estamos deseosos de arrancar porque Jalisco nos est√° llamando.

Hoy les anuncio que me he registrado para ser el Coordinador de la Defensa de la Cuarta Transformaci√≥n en Jalisco.",2023-09-26 15:03:27,148,107,710,172.0,50.0,89.0,,1.0,2.0,1024,"Today we are facing a project that we started 19 years ago; which has supported innumerable attacks and disqualifications. But nothing has stopped us, and here I am with my head up and my heart ignited more to reach sleep.

Hope is what has kept us in all these years, fighting, working and building this great transformation movement that the Jalisco demands today. We are prepared, we are ready, and we are eager to start because Jalisco is calling us.

Today I announce that I have registered to be the coordinator of the defense of the fourth transformation in Jalisco.",approval
"Hoy comienza una nueva oportunidad, una que marcar√° el rumbo de nuestro estado y por la que hemos trabajado durante tanto tiempo. ¬°La transformaci√≥n llegar√° a Jalisco este 2024!",2023-09-26 12:00:14,53,22,129,46.0,4.0,1.0,,,,180,"Today begins a new opportunity, one that will mark the course of our state and for which we have worked for so long. The transformation will arrive in Jalisco this 2024!",optimism
La honestidad es la mejor virtud que podemos heredar a nuestras hijas e hijos. ¬°La verdad nos har√° libres!,2023-09-25 18:56:20,102,48,495,59.0,68.0,8.0,2.0,,,632,Honesty is the best virtue that we can inherit our daughters and sons. The truth will make us free!,approval
"Estoy de todo coraz√≥n con mis amigas y amigos de Autl√°n de Navarro que est√°n sufriendo por el desborde del arroyo El Cangrejo, que ya ha causado fallecimientos y familias damnificadas.

En estos momentos, la fuerza y solidaridad de los jaliscienses har√° la diferencia.",2023-09-25 15:56:01,7,7,99,12.0,,2.0,,,,113,"I am of all my heart with my friends and friends of Autl√°n de Navarro who are suffering from the overflow of the El Cangrejo stream, which has already caused deaths and affected families.

At the moment, the strength and solidarity of the Jalisco will make the difference.",sadness
,2023-09-25 09:34:33,12,19,251,74.0,,81.0,,,,406,Nan,disapproval
"Guadalajara es el alma de Jalisco y el coraz√≥n de M√©xico: el centro de una zona metropolitana con mucho potencial, pero tambi√©n con muchos problemas y desigualdades.

Recuperemos el orgullo que nos da ser de la Perla de Occidente.",2023-09-23 13:55:16,16,26,331,77.0,1.0,83.0,,,,492,"Guadalajara is the soul of Jalisco and the heart of Mexico: the center of a metropolitan area with a lot of potential, but also with many problems and inequalities.

Let's recover the pride that gives us to be from the pearl of the West.",realization
"¬°Buenas tardes! Ya es hora de la comida y sabemos que nuestro estado posee una variedad culinaria para todos los gustos. Compartan qu√© es lo que comer√°n hoy, los estar√© leyendo.",2023-09-21 14:00:01,91,5,279,25.0,3.0,,,,,307,"Good afternoon! It is time for food and we know that our state has a culinary variety for all tastes. Share what will eat today, I will be reading them.",neutral
"Las madres del CEAMIVIDA luchan por mantener un espacio √∫nico en Guadalajara para las personas con discapacidad contra la indolencia y la avaricia de Pablo Lemus.

¬°Defendamos su derecho a una vida digna para sus hijas e hijos!",2023-09-21 10:30:50,8,11,112,9.0,,,,,,121,"The mothers of the ceamivide fight to maintain a unique space in Guadalajara for people with disabilities against indolence and greed of Pablo Lemus.

Let's defend your right to a decent life for your daughters and sons!",approval
"En MORENA, cumplimos nuestra palabra y alzamos la voz por quienes lo necesitan.

¬°No al desalojo forzado del CEAMIVIDA!",2023-09-20 12:06:12,33,38,224,156.0,1.0,114.0,,,,495,"In Morena, we fulfill our word and raise the voice for those who need it.

No to the forced eviction of the ceamivide!",approval
,2023-09-19 19:00:38,5,3,108,10.0,1.0,2.0,,,,121,Nan,disapproval
"En unos minutos se llevar√° a cabo el segundo simulacro nacional 2023. Es vital estar preparados y saber c√≥mo actuar en caso de un sismo. Tu seguridad y la de tus seres queridos son lo m√°s importante. ¬°Participa y tomemos juntos medidas de precauci√≥n para cuidarnos entre todos!

Secretar√≠a de Seguridad y Protecci√≥n Ciudadana
17 de septiembre a las 11:00 ¬∑

Los simulacros nos ayudan a saber c√≥mo actuar en caso de un sismo.
Por ello, es importante tu participaci√≥n en el #SegundoSimulacroNacional2023.
üóìÔ∏è 19 de septiembre.
‚è∞ 11:00 horas.
M√°s informaci√≥n en: http://preparados.gob.mx/segundosimulacronacional2023/",2023-09-19 10:53:22,1,1,61,2.0,1.0,,,,,64,"In a few minutes, the second 2023 national drill will be carried out. It is vital to be prepared and know how to act in case of an earthquake. Your safety and that of your loved ones are the most important. Participate and take precautionary measures to take care of each other!

Ministry of Security and Citizen Protection
September 17 at 11:00 ¬∑

The drills help us to know how to act in case of an earthquake.
Therefore, your participation in #secondsimulacronational2023 is important.
üóìÔ∏è September 19.
‚è∞ 11:00 hours.
More information at: http://preparados.gob.mx/segondosimulacronacional2023/",caring
"Cuando se trata de defender a Jalisco, no hay vuelta atr√°s. Siempre estar√© aqu√≠, firme y sin titubeos, dispuesto a enfrentar a los malos gobiernos naranjas. ¬°Juntos construiremos un Jalisco mejor!",2023-09-19 08:00:00,43,47,281,161.0,3.0,109.0,,,,554,"When it comes to defending Jalisco, there is no turning back. I will always be here, firm and without hesitation, willing to face the bad orange governments. Together we will build a better Jalisco!",approval
"Solamente sumando esfuerzos se puede lograr el objetivo de transformar Jalisco.

Me siento muy agradecido con el gran recibimiento y las muestras de apoyo que nos hicieron vecinas y vecinos del Parque del Refugio. La gente pide un cambio ¬°se ve y se siente!",2023-09-18 20:45:42,16,13,211,9.0,1.0,2.0,,,,223,"Only by adding efforts can be achieved the goal of transforming Jalisco.

I feel very grateful to the great reception and the support signs made by neighbors of the Refugio Park. People ask for a change. They look and feel!",admiration
La verdad nos une en este camino de transformaci√≥n para Jalisco.,2023-09-18 18:00:01,10,30,185,159.0,1.0,119.0,,,,464,The truth unites us in this path of transformation for Jalisco.,neutral
"El d√≠a de hoy, madres y padres de usuarios del Centro de Atenci√≥n Metropolitana Integral para una Vida Digna con Discapacidad, (CEAMIVIDA) acudieron a nuestra rueda de prensa a denunciar c√≥mo el Gobierno deVer m√°s Guadalajara pretender desalojar a sus hijas e hijos de este espacio que les brinda atenci√≥n integral.

Lo dije en la conferencia de prensa, y lo digo en este espacio, no est√°n solos, las y los regidores de Morena estamos con ellos y los vamos a defender de este gobierno insensible e inhumano.",2023-09-18 14:26:25,22,7,150,15.0,1.0,1.0,,,,167,"Today, mothers and fathers of users of the Comprehensive Metropolitan Care Center for a dignified life with disabilities, (ceamivide) went to our press conference to denounce how the government of the most Guadalajara pretend to dislodge their daughters and sons of this space of this space that gives you comprehensive care.

I said it at the press conference, and I say it in this space, they are not alone, the MORENA councilors are with them and we will defend them from this insensitive and inhuman government.",neutral
"#EnVivo Las personas con alguna discapacidad deben ser atendidas de manera prioritaria; deben mostrar solidaridad, empat√≠a y equidad. Solicitamos al Gobierno de Guadalajara iniciar di√°logo abierto con la familia CEAMIVIDA.",2023-09-18 09:30:20,29,8,87,12.0,2.0,,,,,101,"#Envivo people with disabilities must be treated priority; They must show solidarity, empathy and equity. We ask the Guadalajara government to start open dialogue with the Ceamivida family.",approval
"Esta Transformaci√≥n est√° avanzando en todo el pa√≠s y ya nadie la detiene; es el momento de que se escuche la voz de Jalisco y de quienes queremos un estado de bienestar, tranquilidad y prosperidad.

¬°En 2024, nuestro destino est√° en nuestras manos!",2023-09-17 20:00:04,38,21,190,18.0,,3.0,,,,211,"This transformation is advancing throughout the country and nobody stops it; It is time for the voice of Jalisco to be heard and of whom we want a state of well -being, tranquility and prosperity.

In 2024, our destiny is in our hands!",approval
¬°Buenos d√≠as Jalisco! Hoy es el mejor momento para empezar con toda la actitud para seguir mejorando como personas y enforcarnos en nuestras metas por el Jalisco que queremos.,2023-09-17 08:00:01,12,4,144,12.0,,,,,,156,Good morning Jalisco! Today is the best time to start with all the attitude to continue improving as people and get on our goals for the jalisco we want.,excitement
"Con tu mano y con mi mano, juntos podemos construir el Jalisco que nos merecemos.

¬°Vamos adelante!",2023-09-16 12:00:01,28,12,240,24.0,3.0,,,,,267,"With your hand and with my hand, together we can build the jalisco we deserve.

Let's go ahead!",approval
Hoy conmemoramos nuestra independencia y renovamos nuestro compromiso con un M√©xico que avance hacia la transformaci√≥n y la igualdad. ¬°Viva M√©xico!,2023-09-16 08:00:02,8,4,171,6.0,,,,,,177,Today we commemorate our independence and renew our commitment to a Mexico that advances towards transformation and equality. Long live Mexico!,realization
"Quiero expresar mi admiraci√≥n y respaldo total a la Dra. Claudia Sheinbaum . Ella es una mujer preparada, comprometida y una fiel representante de nuestro movimiento.

No tengo dudas de que no hay mejores manos para recibir el bast√≥n de mando y continuar con la transformaci√≥n de M√©xico. ¬°Adelante, Claudia! ¬°S√≠ se puede!",2023-09-15 20:00:04,6,6,139,8.0,3.0,,1.0,,,151,"I want to express my admiration and total support for Dr. Claudia Sheinbaum. She is a prepared, committed woman and a faithful representative of our movement.

I have no doubt that there are no better hands to receive the command cane and continue with the transformation of Mexico. Go ahead, Claudia! If possible!",admiration
"Con tu mano y con mi mano, juntos podemos construir el Jalisco que nos merecemos.

¬°Vamos adelante!",2023-09-15 13:32:27,19,10,190,9.0,,,,,,199,"With your hand and with my hand, together we can build the jalisco we deserve.

Let's go ahead!",approval
,2023-09-15 12:11:21,26,5,179,27.0,,1.0,,,,207,Nan,disapproval
"El d√≠a de hoy tuve la oportunidad de acompa√±ar a mi amigo Profe Michel en su segundo informe como presidente municipal de Puerto Vallarta.

Desde el inicio de su administraci√≥n, el Profe ha demostrado suVer m√°s compromiso con la gente, al poner al centro de su gobierno, los principios que definen a la Cuarta Transformaci√≥n. ¬°Enhorabuena, Profe!",2023-09-14 20:21:35,17,6,208,15.0,2.0,4.0,,,,229,"Today I had the opportunity to accompany my friend Prof Michel in his second report as municipal president of Puerto Vallarta.

Since the beginning of his administration, the teacher has shown more commitment to people, by putting the center of his government, the principles that define the fourth transformation. Congratulations, teacher!",admiration
Los lonches del Mercado Corona son una joya culinaria en Guadalajara. ¬øYa los probaron? Les prometo que les van a encantar.,2023-09-14 14:00:02,7,2,143,4.0,1.0,,,,,148,The slices of the Corona market are a culinary jewel in Guadalajara. Have they tested them? I promise you to love them.,love
"A lo largo de mis experiencias, he presenciado el genuino inter√©s y determinaci√≥n de l√≠deres como Claudia Sheinbaum hacia los desaf√≠os que enfrenta M√©xico. Su car√°cter comprensivo y su firmeza son evidentes cuando identifica a Jalisco como fundamental en la edificaci√≥n de una naci√≥n m√°s grande. Su enfoque resuena profundamente conmigo. Comparto la creencia de que es vital trabajar codo a codo, siempre con el prop√≥sito de forjar un M√©xico y un Jalisco m√°s s√≥lidos y unidos.",2023-09-14 07:00:01,8,1,102,12.0,1.0,2.0,,,,117,"Throughout my experiences, I have witnessed the genuine interest and determination of leaders such as Claudia Sheinbaum towards the challenges that Mexico faces. His comprehensive character and firmness are evident when he identifies Jalisco as fundamental in building a larger nation. Your approach is deeply resonated with me. I share the belief that it is vital to work side by side, always with the purpose of forging a more solid and united Mexico and jalisco.",admiration
"Nos merecemos un gobierno que s√≠ pueda cumplir su palabra.

Les comparto esta reflexi√≥n:",2023-09-13 20:00:00,17,52,231,212.0,2.0,2.0,1.0,,,448,"We deserve a government that can fulfill your word.

I share this reflection:",approval
"Hoy celebramos el acto heroico de nuestros Ni√±os H√©roes, un recordatorio de valent√≠a y sacrificio. Estos actos nos impulsan a seguir luchando por un mejor Jalisco.",2023-09-13 12:00:00,14,3,148,9.0,,1.0,,,,158,"Today we celebrate the heroic act of our children heroes, a reminder of courage and sacrifice. These acts drive us to continue fighting for a better Jalisco.",admiration
"Siempre he luchado y trabajado por mis sue√±os, pero no lo he hecho solo, he estado acompa√±ado de grandes personas que me han ayudado a conseguirlos.

Les comparto la segunda parte del #DocCast con mi amigo el Dr. √ìscar Lomel√≠.

",2023-09-13 07:56:43,23,20,178,20.0,4.0,3.0,,,,205,"I have always fought and worked for my dreams, but I have not done it alone, I have been accompanied by great people who have helped me get them.

I share the second part of the #Doccast with my friend Dr. √ìscar Lomel√≠.",admiration
,2023-09-12 22:32:34,19,3,196,20.0,5.0,3.0,1.0,,,225,Nan,disapproval
"Las y los regidores de Morena hemos destapado la corrupci√≥n y la negligencia del gobierno municipal de Guadalajara en estos dos a√±os de administraci√≥n.

Trabajamos incansablemente por la transformaci√≥n de Guadalajara y de todo Jalisco. ¬°Juntos, lo haremos posible!",2023-09-12 20:00:15,13,12,117,16.0,3.0,2.0,,,,138,"The MORENA councilors have uncovered the corruption and negligence of the Municipal Government of Guadalajara in these two years of administration.

We work tirelessly for the transformation of Guadalajara and Todo Jalisco. Together, we will make it possible!",approval
"En cada sesi√≥n del Ayuntamiento de Guadalajara, reafirmo mi compromiso de trabajar por las causas de los miles de tapat√≠os que confiaron en m√≠.

No tengan duda que as√≠ seguir√©, cumpliendo con mis compromisos y mi palabra.",2023-09-12 15:30:32,23,5,190,17.0,1.0,1.0,,,,209,"In each session of the Guadalajara City Council, I reaffirm my commitment to work for the causes of the thousands of tapatios who trusted me.

They have no doubt that I will continue, fulfilling my commitments and my word.",approval
"Estoy muy contento de que la Dra. Claudia Sheinbaum sea la coordinadora de los Comit√©s de Defensa de la Cuarta Transformaci√≥n.

Les comparto mi columna al respecto en El Occidental:",2023-09-12 09:00:14,0,0,0,,,,,,,0,"I am very happy that Dr. Claudia Sheinbaum is the coordinator of the Fourth Transformation Defense Committees.

I share my column about it in the western one:",joy
"Solamente desde la honestidad podemos construir una mejor realidad; la realidad de bienestar que merecemos todas y todos en Jalisco.

¬°Vivamos en la verdad por el estado que merecemos!",2023-09-11 18:00:02,0,0,0,,,,,,,0,"Only from honesty we can build a better reality; The reality of well -being that we all deserve in Jalisco.

Let's live in the truth for the state we deserve!",approval
"Han sido dos a√±os de un gobierno en Guadalajara lleno de corrupci√≥n, impunidad, simulaci√≥n, enga√±o, superficialidad e ineptitud.

¬øPor qu√© corrupto? Porque ha entregado el dinero de las y los tapat√≠os a susVer m√°s amigos. ¬øPor qu√© impune? Porque no ha sido castigado por sus delitos, a pesar de las pruebas de corrupci√≥n. ¬øPor qu√© simulador? Porque ha prometido ser honesto y transparente, pero ha sido opaco y caprichoso. ¬øPor qu√© superficial e inepto? Porque se concentra en temas irrelevantes o personales, mientras que los problemas que afectan a la gente se quedan esperando.

Hoy aprovechamos nuestra conferencia de prensa para exponer todos estos temas y reiterar que las y los regidores de Morena no descansaremos hasta que se haga justicia y Guadalajara deje de ser la #CapitalDeLaCorrupci√≥n",2023-09-11 13:12:55,0,0,0,,,,,,,0,"They have been two years of a government in Guadalajara full of corruption, impunity, simulation, deception, superficiality and ineptitude.

Why corrupt? Because he has delivered the money of the tapat√≠os to his vaver more friends. Why unpunished? Because he has not been punished for his crimes, despite corruption evidence. Why simulator? Because he has promised to be honest and transparent, but he has been opaque and capricious. Why superficial and inept? Because it concentrates on irrelevant or personal issues, while the problems that affect people are waiting.

Today we take advantage of our press conference to expose all these issues and reiterate that the brunette councilors will not rest until justice is done and Guadalajara ceases to be the #CapitalDelacorrucia",curiosity
"Conferencia de prensa: Guadalajara, #capitaldelacorrupci√≥n",2023-09-11 09:27:33,0,0,0,,,,,,,0,"Press Conference: Guadalajara, #CapitalDelacorrucru",neutral
