"x1i10hfl href","x193iq5w","x193iq5w 2","xpdipgo src","x1i10hfl","x1i10hfl href 2","_aacl","x1i10hfl 2","x1i10hfl href 3","x1i10hfl 3","x1i10hfl href 4","x1i10hfl 4","x1i10hfl href 5","_a9ze","_aaqe"
"","","","","","","","","","","","","","",""
"https://www.instagram.com/p/Cw_Hi6eSw76/liked_by/","Me gusta","2","","","","","","","","","","","",""
"https://www.instagram.com/blueradiomx/","Ver traducci贸n","","https://instagram.fmex3-3.fna.fbcdn.net/v/t51.2885-19/222396330_838851667068041_522540054430091532_n.jpg?stp=dst-jpg_s150x150&_nc_ht=instagram.fmex3-3.fna.fbcdn.net&_nc_cat=105&_nc_ohc=UaFCp2FvZ0cAX95Xa-s&edm=ALQROFkBAAAA&ccb=7-5&oh=00_AfD03xALdcRTSvCSe4K0kc3MQPdRWwBNVVCNJf4IlTqV-A&oe=650A59FB&_nc_sid=fc8dfb","blueradiomx","https://www.instagram.com/blueradiomx/","Sasil de Le贸n form贸 parte de la reuni贸n encabezada por la Dra. Claudia Sheinbaum, en la cual se convoc贸 a la unidad de todos los equipos y sectores que participaron en el proceso de designaci贸n del coordinador de los comit茅s de la defensa de la 4T.","#SasilDeLeon","https://www.instagram.com/explore/tags/sasildeleon/","#ClaudiaSheinbaum","https://www.instagram.com/explore/tags/claudiasheinbaum/","#Senadora","https://www.instagram.com/explore/tags/senadora/","6 d",""
"https://www.instagram.com/p/Cw_Hi6eSw76/","","","","","","","","","","","","","","Hace 6 d铆as"
"","","","","","","","","","","","","","",""
"https://www.instagram.com/p/Cw_I9eoOdTE/liked_by/","1 Me gusta","","","","","","","","","","","","",""
"https://www.instagram.com/wowchiapas/","Ver traducci贸n","","https://instagram.fmex3-3.fna.fbcdn.net/v/t51.2885-19/355683656_790675132427992_7887444978406733426_n.jpg?stp=dst-jpg_s150x150&_nc_ht=instagram.fmex3-3.fna.fbcdn.net&_nc_cat=104&_nc_ohc=vNqqcnNYF3IAX_C7o3g&edm=ALQROFkBAAAA&ccb=7-5&oh=00_AfC0dQJXxQxH2gh3n2kU2L3HXjQPzydBoKWBHZ7wK3s7CQ&oe=650A7FF0&_nc_sid=fc8dfb","wowchiapas","https://www.instagram.com/wowchiapas/"," SASIL DE LEN -La Senadora Sasil de Le贸n form贸 parte de la reuni贸n encabezada por la Dra. Claudia Sheinbaum, en la cual se convoc贸 a la unidad de todos los equipos y sectores que participaron en el proceso de designaci贸n del coordinador de los comit茅s de la defensa de la 4T.","#POLTICA","https://www.instagram.com/explore/tags/pol%C3%ADtica/","#SasilDeLeon","https://www.instagram.com/explore/tags/sasildeleon/","#ClaudiaSheinbaum","https://www.instagram.com/explore/tags/claudiasheinbaum/","6 d",""
"https://www.instagram.com/p/Cw_I9eoOdTE/","","","","","","","","","","","","","","Hace 6 d铆as"
"https://www.instagram.com/p/Cw_Og4ApycK/liked_by/","1 Me gusta","","","","","","","","","","","","",""
"https://www.instagram.com/astro_productions_/","Ver traducci贸n","","https://instagram.fmex3-2.fna.fbcdn.net/v/t51.2885-19/350855550_1993380330997616_1823271567920537296_n.jpg?stp=dst-jpg_s150x150&_nc_ht=instagram.fmex3-2.fna.fbcdn.net&_nc_cat=108&_nc_ohc=RnXC9Y7Hne8AX8r1iiv&edm=ALQROFkBAAAA&ccb=7-5&oh=00_AfARZbHZFoU7noKptFOS6putOMr2cVFVi_fVpGiN5H0C8g&oe=65097A71&_nc_sid=fc8dfb","astro_productions_","https://www.instagram.com/astro_productions_/","Claudia Sheinbaum encabez贸 una reuni贸n en la cual Sasil de Le贸n form贸 parte en la cual se convoc贸 a la unidad de todos los equipos y sectores que participaron durante el proceso de designaci贸n del Coordinador de los Comit茅s de Defensa de la Cuarta Transformaci贸n.Desde un inicio la senadora Sasil de Le贸n ha sido su aliada en todos los rincones del estado demostrando su compromiso con la Cuarta Transformaci贸n.","#4T","https://www.instagram.com/explore/tags/4t/","#CuartaTransformacion","https://www.instagram.com/explore/tags/cuartatransformacion/","#SasildeLeon","https://www.instagram.com/explore/tags/sasildeleon/","6 d",""
"https://www.instagram.com/p/Cw_Og4ApycK/","","","","","","","","","","","","","","Hace 6 d铆as"
"","","","","indicar que te gusta esto","","","","","","","","","",""
"https://www.instagram.com/nikperiodismo/","Ver traducci贸n","","https://instagram.fmex3-2.fna.fbcdn.net/v/t51.2885-19/314478984_651138213351047_3809388642323642308_n.jpg?stp=dst-jpg_s150x150&_nc_ht=instagram.fmex3-2.fna.fbcdn.net&_nc_cat=111&_nc_ohc=Bvfx9vaJHIYAX84YeZo&edm=ALQROFkBAAAA&ccb=7-5&oh=00_AfAlvGaInBAqJSkJmCIqDShuul1Ff7Bsk6rmacAqcqBOWA&oe=650B0A67&_nc_sid=fc8dfb","nikperiodismo","https://www.instagram.com/nikperiodismo/","Sasil de Le贸n Villard senadora por Chiapas.隆Festejamos en grande a todas las mam谩s en el parque central de Comit谩n! Tuvimos la oportunidad de disfrutar de un momento de alegr铆a junto a las jefas de familia de este hermoso Pueblo M谩gico. Gracias por acompa帽arnos en esta gran celebraci贸n.","#SasilDeLeon","https://www.instagram.com/explore/tags/sasildeleon/","#Comitan","https://www.instagram.com/explore/tags/comitan/","#Chiapas","https://www.instagram.com/explore/tags/chiapas/","18 sem",""
"https://www.instagram.com/p/CsKkCtFqeP7/","","","","","","","","","","","","","","12 de mayo"
"https://www.instagram.com/p/CxLXY5wu6uy/liked_by/","Me gusta","2","","","","","","","","","","","",""
"https://www.instagram.com/wowchiapas/","Ver traducci贸n","","https://instagram.fmex3-3.fna.fbcdn.net/v/t51.2885-19/355683656_790675132427992_7887444978406733426_n.jpg?stp=dst-jpg_s150x150&_nc_ht=instagram.fmex3-3.fna.fbcdn.net&_nc_cat=104&_nc_ohc=vNqqcnNYF3IAX_C7o3g&edm=ALQROFkBAAAA&ccb=7-5&oh=00_AfC0dQJXxQxH2gh3n2kU2L3HXjQPzydBoKWBHZ7wK3s7CQ&oe=650A7FF0&_nc_sid=fc8dfb","wowchiapas","https://www.instagram.com/wowchiapas/","lidera en la preferencia electoral de la ciudadan铆a chiapaneca. Hoy senadora, ma帽ana gobernadora.","#SasilDeLe贸n","https://www.instagram.com/explore/tags/sasildele%C3%B3n/","#EsSasil","https://www.instagram.com/explore/tags/essasil/","#4T","https://www.instagram.com/explore/tags/4t/","1 d",""
"https://www.instagram.com/p/CxLXY5wu6uy/","","","","","","","","","","","","","","Hace un d铆a"
"https://www.instagram.com/nikperiodismo/","Ver traducci贸n","","https://instagram.fmex3-2.fna.fbcdn.net/v/t51.2885-19/314478984_651138213351047_3809388642323642308_n.jpg?stp=dst-jpg_s150x150&_nc_ht=instagram.fmex3-2.fna.fbcdn.net&_nc_cat=111&_nc_ohc=Bvfx9vaJHIYAX84YeZo&edm=ALQROFkBAAAA&ccb=7-5&oh=00_AfAlvGaInBAqJSkJmCIqDShuul1Ff7Bsk6rmacAqcqBOWA&oe=650B0A67&_nc_sid=fc8dfb","nikperiodismo","https://www.instagram.com/nikperiodismo/","La Senadora por la Rep煤blica Sasil de Le贸n Villard.En La Independencia visito el ejido El Triunfo para celebrar con todas las mam谩s. Gracias por su recibimiento pero sobretodo, gracias por el trabajo incansable que realizan para sacar adelante a sus familias.","#10DeMayo","https://www.instagram.com/explore/tags/10demayo/","#D铆aDeLasMadres","https://www.instagram.com/explore/tags/d%C3%ADadelasmadres/","#SasilDeLeon","https://www.instagram.com/explore/tags/sasildeleon/","18 sem",""
"https://www.instagram.com/p/CsIDCpEKiYy/","","","","","","","","","","","","","","11 de mayo"
"https://www.instagram.com/astro_productions_/","Ver traducci贸n","","https://instagram.fmex3-2.fna.fbcdn.net/v/t51.2885-19/350855550_1993380330997616_1823271567920537296_n.jpg?stp=dst-jpg_s150x150&_nc_ht=instagram.fmex3-2.fna.fbcdn.net&_nc_cat=108&_nc_ohc=RnXC9Y7Hne8AX8r1iiv&edm=ALQROFkBAAAA&ccb=7-5&oh=00_AfARZbHZFoU7noKptFOS6putOMr2cVFVi_fVpGiN5H0C8g&oe=65097A71&_nc_sid=fc8dfb","astro_productions_","https://www.instagram.com/astro_productions_/","La senadora Sasil de Le贸n refrend贸 su apoyo a la Dra. Claudia Sheinbaum.La senadora mencion贸 que es necesario continuar fortaleciendo los valores de su movimiento y as铆 mantener la unidad para que la transformaci贸n contin煤e y llegue a cada rinc贸n del pa铆s.","#4T","https://www.instagram.com/explore/tags/4t/","#CuartaTransformacion","https://www.instagram.com/explore/tags/cuartatransformacion/","#SasilDeLeon","https://www.instagram.com/explore/tags/sasildeleon/","4 d",""
"https://www.instagram.com/p/CxE89j6MrLH/","","","","","","","","","","","","","","Hace 4 d铆as"
"https://www.instagram.com/p/CrPsb7vtMJG/liked_by/","1 Me gusta","","","","","","","","","","","","",""
"https://www.instagram.com/jaimeguerrero1978/","Ver traducci贸n","","https://instagram.fmex3-2.fna.fbcdn.net/v/t51.2885-19/318206654_520461360031003_2177891765549430216_n.jpg?stp=dst-jpg_s150x150&_nc_ht=instagram.fmex3-2.fna.fbcdn.net&_nc_cat=107&_nc_ohc=-Cu_KS31JF8AX9ygz-J&edm=ALQROFkBAAAA&ccb=7-5&oh=00_AfA3OCdqdKPc2_uVzAyYK3vR6nq9Zc69TQTlyYII34-h5Q&oe=650B2031&_nc_sid=fc8dfb","jaimeguerrero1978","https://www.instagram.com/jaimeguerrero1978/","En entrega de medalla , a , Senadora  incumpli贸 acuerdo de la Jucopo del Reproch贸 sentencia de  respect贸 a la . Provoc贸 abucheos y le lanzaran 硷fuera, fuera硷. la increp贸. Al final se impuso la cordura y Elena fue vitoreada.","#BelisarioDom铆nguez","https://www.instagram.com/explore/tags/belisariodom%C3%ADnguez/","#Elenaponiatowska","https://www.instagram.com/explore/tags/elenaponiatowska/","#Sasildeleon","https://www.instagram.com/explore/tags/sasildeleon/","21 sem",""
"https://www.instagram.com/p/CrPsb7vtMJG/","","","","","","","","","","","","","","19 de abril"
"https://www.instagram.com/p/Cw8f2tVOeoI/liked_by/","Me gusta","16","","","","","","","","","","","",""
"https://www.instagram.com/christian_nunez_mx/","Ver traducci贸n","","https://instagram.fmex3-3.fna.fbcdn.net/v/t51.2885-19/356423460_181050074728361_2598916907629833170_n.jpg?stp=dst-jpg_s150x150&_nc_ht=instagram.fmex3-3.fna.fbcdn.net&_nc_cat=105&_nc_ohc=OASyFWZ5fokAX-IiH31&edm=ALQROFkBAAAA&ccb=7-5&oh=00_AfAW_pUw6BNk2EhWBu2KWnC5mykXxvTC9KUhSQ46Kk8I2A&oe=650B19D4&_nc_sid=fc8dfb","christian_nunez_mx","https://www.instagram.com/christian_nunez_mx/","","#EsSasil","https://www.instagram.com/explore/tags/essasil/","#SasilDeLeon","https://www.instagram.com/explore/tags/sasildeleon/","","","1 sem",""
"https://www.instagram.com/p/Cw8f2tVOeoI/","","","","","","","","","","","","","","Hace 7 d铆as"
"https://www.instagram.com/p/CsHnK6TAvIB/liked_by/","Me gusta","187","","","","","","","","","","","",""
"https://www.instagram.com/sasildeleon/","Ver traducci贸n","Responder","https://instagram.fmex3-2.fna.fbcdn.net/v/t51.2885-19/39275970_1866007983438326_3911508475464646656_n.jpg?stp=dst-jpg_s150x150&_nc_ht=instagram.fmex3-2.fna.fbcdn.net&_nc_cat=102&_nc_ohc=yX4zHDjql4EAX_KWDLb&edm=ALQROFkBAAAA&ccb=7-5&oh=00_AfD3zgDsV0JRiWubp1WyxWnHPjrEsAMejOPlz751wxLrWg&oe=650A0D8D&_nc_sid=fc8dfb","sasildeleon","https://www.instagram.com/sasildeleon/","隆Festejamos en grande a todas las mam谩s en el parque central de Comit谩n! Tuvimos la oportunidad de disfrutar de un momento de alegr铆a junto a las jefas de familia de este hermoso Pueblo M谩gico. Gracias por acompa帽arnos en esta gran celebraci贸n.","#SasilDeLeon","https://www.instagram.com/explore/tags/sasildeleon/","#Comitan","https://www.instagram.com/explore/tags/comitan/","#Chiapas","https://www.instagram.com/explore/tags/chiapas/","18 sem",""
"https://www.instagram.com/p/CsHnK6TAvIB/","","","","","","","","","","","","","","11 de mayo"
"https://www.instagram.com/p/1M-VJgrLBS/liked_by/","Me gusta","3","","","","","","","","","","","",""
"https://www.instagram.com/maleynoriega/","","","https://instagram.fmex3-1.fna.fbcdn.net/v/t51.2885-19/366479950_1476582396524748_5484948417950195426_n.jpg?stp=dst-jpg_s150x150&_nc_ht=instagram.fmex3-1.fna.fbcdn.net&_nc_cat=100&_nc_ohc=Q3_8x2Nu6ugAX99I0xg&edm=ALQROFkBAAAA&ccb=7-5&oh=00_AfDO0BvxkjjQf-xXC0MIdYDwA-3ibqtAE_Xt6XduGaD3gQ&oe=6509D642&_nc_sid=fc8dfb","maleynoriega","https://www.instagram.com/maleynoriega/","","#brigadasjuveniles","https://www.instagram.com/explore/tags/brigadasjuveniles/","#sasildeleon","https://www.instagram.com/explore/tags/sasildeleon/","","","440 sem",""
"https://www.instagram.com/p/1M-VJgrLBS/","","","","","","","","","","","","","","8 de abril de 2015"
"https://www.instagram.com/p/18y6f1F9jl/liked_by/","Me gusta","30","","","","","","","","","","","",""
"https://www.instagram.com/constinn/","","Responder","https://instagram.fmex3-3.fna.fbcdn.net/v/t51.2885-19/368000805_1732897523894692_4567839588374450905_n.jpg?stp=dst-jpg_s150x150&_nc_ht=instagram.fmex3-3.fna.fbcdn.net&_nc_cat=104&_nc_ohc=cGhmOLi-Zd4AX8hTebK&edm=AId3EpQBAAAA&ccb=7-5&oh=00_AfA0PTljDM1xX757oPHm_Dj-hw6HmiNhcAZVK8czPIXYjg&oe=650A064A&_nc_sid=f5838a","constinn","https://www.instagram.com/constinn/","Hoy en Carranza nos pintamos de verde!!!","#verdeeselcamino","https://www.instagram.com/explore/tags/verdeeselcamino/","#sasildeleon","https://www.instagram.com/explore/tags/sasildeleon/","#diputadafederal","https://www.instagram.com/explore/tags/diputadafederal/","437 sem",""
"https://www.instagram.com/p/18y6f1F9jl/","","","","","","","","","","","","","","26 de abril de 2015"
"https://www.instagram.com/p/1ZjhMZQoT-/liked_by/","Me gusta","96","","","","","","","","","","","",""
"https://www.instagram.com/jordi_80/","","","https://instagram.fmex3-3.fna.fbcdn.net/v/t51.2885-19/377722423_725943726034745_1164665120312559470_n.jpg?stp=dst-jpg_s150x150&_nc_ht=instagram.fmex3-3.fna.fbcdn.net&_nc_cat=105&_nc_ohc=Ej7Pe_bQ3kcAX_YZhxp&edm=ALQROFkBAAAA&ccb=7-5&oh=00_AfD2amXOP-wsS05YqcHCBGwu1sCnmSf5aDXfVAEovBpDxA&oe=650AEFDB&_nc_sid=fc8dfb","jordi_80","https://www.instagram.com/jordi_80/","Que orgullo conocerte  excelente ser humano,una mujer inteligente buena con principios y comprometida con lo e chiapanecos","#lagentenosune","https://www.instagram.com/explore/tags/lagentenosune/","#sasildeleon","https://www.instagram.com/explore/tags/sasildeleon/","#chiapas","https://www.instagram.com/explore/tags/chiapas/","439 sem",""
"https://www.instagram.com/p/1ZjhMZQoT-/","","","","","","","","","","","","","","12 de abril de 2015"
"","","","","","","","","","","","","","",""
"https://www.instagram.com/p/1tAOcxwocN/liked_by/","Me gusta","86","","","","","","","","","","","",""
"https://www.instagram.com/jordi_80/","","","https://instagram.fmex3-3.fna.fbcdn.net/v/t51.2885-19/377722423_725943726034745_1164665120312559470_n.jpg?stp=dst-jpg_s150x150&_nc_ht=instagram.fmex3-3.fna.fbcdn.net&_nc_cat=105&_nc_ohc=Ej7Pe_bQ3kcAX_YZhxp&edm=ALQROFkBAAAA&ccb=7-5&oh=00_AfD2amXOP-wsS05YqcHCBGwu1sCnmSf5aDXfVAEovBpDxA&oe=650AEFDB&_nc_sid=fc8dfb","jordi_80","https://www.instagram.com/jordi_80/","Sasilistas de coraz贸n","#sasildeleon","https://www.instagram.com/explore/tags/sasildeleon/","#lagentenosune","https://www.instagram.com/explore/tags/lagentenosune/","#lasmujeresnosunen","https://www.instagram.com/explore/tags/lasmujeresnosunen/","438 sem",""
"https://www.instagram.com/p/1tAOcxwocN/","","","","","","","","","","","","","","20 de abril de 2015"
"https://www.instagram.com/p/1q_KBAwofc/liked_by/","Me gusta","53","","","","","","","","","","","",""
"https://www.instagram.com/jordi_80/","","","https://instagram.fmex3-3.fna.fbcdn.net/v/t51.2885-19/377722423_725943726034745_1164665120312559470_n.jpg?stp=dst-jpg_s150x150&_nc_ht=instagram.fmex3-3.fna.fbcdn.net&_nc_cat=105&_nc_ohc=Ej7Pe_bQ3kcAX_YZhxp&edm=ALQROFkBAAAA&ccb=7-5&oh=00_AfD2amXOP-wsS05YqcHCBGwu1sCnmSf5aDXfVAEovBpDxA&oe=650AEFDB&_nc_sid=fc8dfb","jordi_80","https://www.instagram.com/jordi_80/"," sasilistas de coraz贸n","#sasildeleon","https://www.instagram.com/explore/tags/sasildeleon/","#lasmujeresnosunen","https://www.instagram.com/explore/tags/lasmujeresnosunen/","#chiapas","https://www.instagram.com/explore/tags/chiapas/","438 sem",""
"https://www.instagram.com/p/1q_KBAwofc/","","","","","","","","","","","","","","19 de abril de 2015"
"https://www.instagram.com/gematvchiapas/","Ver traducci贸n","","https://instagram.fmex3-2.fna.fbcdn.net/v/t51.2885-19/104374038_572455880080139_6756276330124902438_n.jpg?stp=dst-jpg_s150x150&_nc_ht=instagram.fmex3-2.fna.fbcdn.net&_nc_cat=111&_nc_ohc=OXHjbkYs3m8AX-GjTWW&edm=ALQROFkBAAAA&ccb=7-5&oh=00_AfAQQeyOpYFqNw_1ykcedpHJE1zdo74RVbdF4ZdGaz1viw&oe=65095412&_nc_sid=fc8dfb","gematvchiapas","https://www.instagram.com/gematvchiapas/","German Alcocer/TV GEMA.Ya les hab铆a anunciado que en MORENA se estaba cocinando la designaci贸n de una mujer para contener la gobernatura de Chiapas, el d铆a de hoy se filtra que se baja de la contienda el titular del IMSS Zo茅 Robledo, para darle lugar a una mujer en la contienda, falta que se concrete este acuerdo.Pues bien si se mencionan algunos nombres de mujeres que quieren ser nominadas por ""ya saben qui茅n"".En primer lugar aparece la Senadora  despu茅s la alcaldesa de Tapachula , la primera m谩s cercana a L贸pez Obrador y la segunda cercana a Rutilio Escand贸n.Pero eso es en el supuesto de MORENA, porque en los otros partidos no se ha dicho nada, pues existen hombres que tienen una muy buena aceptaci贸n dentro del electorado chiapaneco y en las encuestas que se han hecho se puede ver qu茅 los n煤meros los favorecen y por mucho, de ah铆 que algunos partidos podr铆an seguramente postularlos l茅ase PVEM, MC y la coalici贸n Vamos M茅xico.En pol铆tica nada est谩 escrito y los cambios pueden ocurrir en 煤ltimo minuto, adem谩s traicionar es visto como un atributo.O usted que opina?","#SasilDeLeon","https://www.instagram.com/explore/tags/sasildeleon/","#RosaUrbina","https://www.instagram.com/explore/tags/rosaurbina/","","","3 sem",""
"https://www.instagram.com/p/CwOC7zdJUEX/","","","","","","","","","","","","","","21 de agosto"
"https://www.instagram.com/siliascoutinojesusalejandro/","Ver traducci贸n","","https://instagram.fmex3-1.fna.fbcdn.net/v/t51.2885-19/257357494_1557986261232651_5716738998424763906_n.jpg?stp=dst-jpg_s150x150&_nc_ht=instagram.fmex3-1.fna.fbcdn.net&_nc_cat=103&_nc_ohc=FqDFy6QZEV0AX-WZB-v&edm=ALQROFkBAAAA&ccb=7-5&oh=00_AfCi7DOw0lRH9OwyW4ruXzjUWqhQQeCacLLRdBZQAC3ihw&oe=650AF4AA&_nc_sid=fc8dfb","siliascoutinojesusalejandro","https://www.instagram.com/siliascoutinojesusalejandro/","En Chiapas ser谩 Mujer nuestra Pr贸xima Gobernadora. 2024 ser谩 Historia. Lo Tiempos de Dios son perfectos  ser谩 nuestra pr贸xima gobernadora","#Sasildeleon","https://www.instagram.com/explore/tags/sasildeleon/","","","","","107 sem",""
"https://www.instagram.com/p/CS9hwyVrbFg/","","","","","","","","","","","","","","24 de agosto de 2021"
"https://www.instagram.com/p/30cu0HPvnm/liked_by/","1 Me gusta","","","","","","","","","","","","",""
"https://www.instagram.com/marianaroblero/","","","https://instagram.fmex3-2.fna.fbcdn.net/v/t51.2885-19/368129794_324843373304420_4915841888694421141_n.jpg?stp=dst-jpg_s150x150&_nc_ht=instagram.fmex3-2.fna.fbcdn.net&_nc_cat=108&_nc_ohc=HQMtDww44LcAX8XYtns&edm=ALQROFkBAAAA&ccb=7-5&oh=00_AfDlduswkSgK5CerCbUW6p5QHoe-EhkZLSFPTWazPEhoQg&oe=65099420&_nc_sid=fc8dfb","marianaroblero","https://www.instagram.com/marianaroblero/","Un gran ejemplo a seguir!","#sasildeleon","https://www.instagram.com/explore/tags/sasildeleon/","#sheisthebest","https://www.instagram.com/explore/tags/sheisthebest/","","","431 sem",""
"https://www.instagram.com/p/30cu0HPvnm/","","","","","","","","","","","","","","12 de junio de 2015"
"","","","","","","","","","","","","","",""
"https://www.instagram.com/p/CIQN_pCH7S2/liked_by/","Me gusta","34","","","","","","","","","","","",""
"https://www.instagram.com/mannucer/","Ver traducci贸n","","https://instagram.fmex3-2.fna.fbcdn.net/v/t51.2885-19/376768491_983698166217419_9026704378386473500_n.jpg?stp=dst-jpg_s150x150&_nc_ht=instagram.fmex3-2.fna.fbcdn.net&_nc_cat=111&_nc_ohc=Wlj_02l8RVgAX-HQavk&edm=ALQROFkBAAAA&ccb=7-5&oh=00_AfCli1aDKMt4AgxIFKR1rLpqyinnKJlD4XenUEmw7FPQLw&oe=650A16AF&_nc_sid=fc8dfb","mannucer","https://www.instagram.com/mannucer/","Con la senadora de chiapas","#sasildeleon","https://www.instagram.com/explore/tags/sasildeleon/","","","","","145 sem",""
"https://www.instagram.com/p/CIQN_pCH7S2/","","","","","","","","","","","","","","1 de diciembre de 2020"