"css-901oao","css-4rbku5 href","css-9pa8cd src","css-901oao 2","css-901oao 3","css-901oao 4","css-4rbku5 href 4","css-9pa8cd src 2","css-4rbku5 href 5","css-901oao 5","css-4rbku5 href 6","css-4rbku5","css-901oao 6","css-901oao 7","css-901oao 8","css-901oao 9","css-901oao 11","css-4rbku5 href 7"
"Fijado","https://twitter.com/sasildeleon","https://pbs.twimg.com/profile_images/1633306024345055232/AClmGVBa_normal.jpg","Sasil de Le√≥n","@sasildeleon","M√©xico est√° listo para tener a la primera Presidenta. ¬°Es Tiempo de Mujeres! Claudia Sheinbaum es nuestra Coordinadora Nacional para la Defensa de la Cuarta Transformaci√≥n.
¬°Es un honor estar con la mejor!","https://twitter.com/sasildeleon/status/1699601560009859238/photo/1","https://pbs.twimg.com/media/F5Yym-xXwAABtiM?format=jpg&name=small","https://twitter.com/sasildeleon/status/1699601560009859238/media_tags","Dra. Claudia Sheinbaum","https://twitter.com/sasildeleon/status/1699601560009859238","7:52 p. m. ¬∑ 6 sept. 2023","¬∑","4.110","Reproducciones","6","58","https://twitter.com/DevSrinivasa"
"EliAny Velarde","https://twitter.com/AnyeliVelarde","https://pbs.twimg.com/profile_images/1615727734600105984/HBjSvoEE_normal.jpg","@AnyeliVelarde","¬∑","Par de esperpentos, corruptas y t√≠teres del paracaidista de Palacio Nacional.","https://twitter.com/AnyeliVelarde/status/1706373433305473042","","https://twitter.com/AnyeliVelarde/status/1706373433305473042/analytics","2","","22h","13","","","","",""
"El profe","https://twitter.com/elprofe_1960","https://pbs.twimg.com/profile_images/1696206513642090504/vLKYaD-l_normal.jpg","@elprofe_1960","¬∑","¬øY la entrada del Narco a tu estado?","https://twitter.com/elprofe_1960/status/1706399504499421548","","https://twitter.com/elprofe_1960/status/1706399504499421548/analytics","3","","20h","9","","","","",""
"M√°s respuestas","","","","","","","","","","","","","","","","",""
"LUISMIGUEL GOMEZ YOC","https://twitter.com/LUISMIYOC","https://pbs.twimg.com/profile_images/813497580650893313/_L9koDi2_normal.jpg","@LUISMIYOC","¬∑","Saludos senadora... Pr√≥xima gobernadora","https://twitter.com/LUISMIYOC/status/1699959720738501092","","https://twitter.com/LUISMIYOC/status/1699959720738501092/analytics","","","7 sept.","16","","","","",""
"Alberto Castorente","https://twitter.com/castorente","https://pbs.twimg.com/profile_images/1464327209158651907/B8_rgWP6_normal.jpg","@castorente","¬∑","Es tiempo de las mujeres!!!!!","https://twitter.com/castorente/status/1705325415735107734","https://pbs.twimg.com/media/F6qIbONWsAAz2VB?format=jpg&name=small","https://twitter.com/castorente/status/1705325415735107734/analytics","","https://twitter.com/castorente/status/1705325415735107734/photo/1","22 sept.","14","","","","",""
"Elsa","https://twitter.com/ElsaRodriguezC","https://pbs.twimg.com/profile_images/1701802350543769600/8wrHVHn6_normal.jpg","@ElsaRodriguezC","¬∑","","https://twitter.com/ElsaRodriguezC/status/1706534151938077093","https://pbs.twimg.com/media/F67TxJlasAAHMgN?format=jpg&name=small","https://twitter.com/ElsaRodriguezC/status/1706534151938077093/analytics","","https://twitter.com/ElsaRodriguezC/status/1706534151938077093/photo/1","11h","1","","","","","https://twitter.com/hashtag/XochitlGalvezPresidenta2024?src=hashtag_click"
"Alejandro Ch√°vez Berna","https://twitter.com/AChavezBerna","https://pbs.twimg.com/profile_images/1547293305028886535/mSRMU-Qn_normal.jpg","@AChavezBerna","¬∑","¬øC√≥mo ve Doctora","https://twitter.com/AChavezBerna/status/1705021216774332602","https://pbs.twimg.com/media/F6lzwrdWIAAuRnB?format=jpg&name=small","https://twitter.com/AChavezBerna/status/1705021216774332602/analytics","2","https://twitter.com/ArturoCanoMx/status/1704934797116661857?t=OcspmjMXZYQRmpdb1105_A&s=09","21 sept.","18","?","https://","tatus/1704934797116661857?t=OcspmjMXZYQRmpdb1105_A&s=09","3","https://twitter.com/AChavezBerna/status/1705021216774332602/photo/1"
"Lifestyle Latino","https://twitter.com/LifestyleLatino","https://pbs.twimg.com/profile_images/1617941693717745670/Cu0RsEa7_normal.jpg","@LifestyleLatino","Te diremos cu√°ntos a√±os fuiste a la escuela despu√©s de 20 preguntas. Me da verguenza lo malo que hice","lifestylelatino.com","https://www.lifestylelatino.com/solamente-aquellas-personas-con-ci-elevado-pueden-lograr-15-20-en-este-cuestionario/?utm_source=tq&utm_campaign=2au-d-mx-r-l0-kmssv-230920-ll-tq-c1&utm_medium=blank&utm_content=blank&utm_term=blank&twclid=2-55d1hewnzh9ra64i7zviaesxn","https://pbs.twimg.com/media/F6a8cBSWEAAJ2Zm?format=jpg&name=120x120","https://www.lifestylelatino.com/solamente-aquellas-personas-con-ci-elevado-pueden-lograr-15-20-en-este-cuestionario/?utm_source=tq&utm_campaign=2au-d-mx-r-l0-kmssv-230920-ll-tq-c1&utm_medium=blank&utm_content=blank&utm_term=blank&twclid=2-55d1hewnzh9ra64i7zviaesxn","Te diremos cu√°ntos a√±os fuiste a la escuela despu√©s de 20 preguntas","https://twitter.com/LifestyleLatino/status/1704256703137554480/analytics","","2","7","58,4¬†mil","Promocionado","",""
"","https://twitter.com/jaimesnhz","https://pbs.twimg.com/profile_images/1664273154846621697/pPVHcr3a_normal.jpg","@jaimesnhz","¬∑","ni loco votamos nuevamente por usted. que ha hecho por chiapas?","https://twitter.com/jaimesnhz/status/1706542779055390736","","https://twitter.com/jaimesnhz/status/1706542779055390736/analytics","1","","11h","25","","","","1",""
"Aymir Moreno","https://twitter.com/AymirMoreno","https://pbs.twimg.com/profile_images/1699988835000524800/BPjDG14v_normal.jpg","@AymirMoreno","¬∑","En Chiapas tambi√©n queremos Coordinadora!","https://twitter.com/AymirMoreno/status/1706377647989588038","","https://twitter.com/AymirMoreno/status/1706377647989588038/analytics","1","","22h","748","","","","",""
"Nersu","https://twitter.com/essolountuit","https://pbs.twimg.com/profile_images/1679687090496237569/_RaDOvf9_normal.jpg","@essolountuit","¬∑","Miserables y mil veces malditos, bien buenos para vivir del erario pero malos para dar resultados. Acu√©rdense de la frontera, Motozintla , Comalapa, El Porvenir, Mazapa, Bejucal, La Grandeza, Chicomuselo, Bellavista,!!!!","https://twitter.com/essolountuit/status/1706651561382805708","","https://twitter.com/essolountuit/status/1706651561382805708/analytics","1","","4h","72","","","","1",""
"diego mar","https://twitter.com/dieggomar","https://pbs.twimg.com/profile_images/1693456942750941184/9nJwYhDH_normal.jpg","@dieggomar","¬∑","Tus ideales de izquierda o derecha?","https://twitter.com/dieggomar/status/1706692430081257760","","https://twitter.com/dieggomar/status/1706692430081257760/analytics","","","1h","4","","","","",""
"Diego Moreno","https://twitter.com/diego_moreno96","https://pbs.twimg.com/profile_images/1611087211847376923/t6L8G3bA_normal.jpg","@diego_moreno96","¬∑","Gobernadora!!","https://twitter.com/diego_moreno96/status/1706439745004294211","","https://twitter.com/diego_moreno96/status/1706439745004294211/analytics","1","","18h","76","","","","1",""
"Edgar Amilcar","https://twitter.com/Edgar_Amilcar","https://pbs.twimg.com/profile_images/1699065231136448512/pqrKWLh5_normal.jpg","@Edgar_Amilcar","¬∑","√âxitos senadora","https://twitter.com/Edgar_Amilcar/status/1706378852874809764","","https://twitter.com/Edgar_Amilcar/status/1706378852874809764/analytics","1","","22h","153","","","","",""
"mikepineda","https://twitter.com/mikepineda1","https://pbs.twimg.com/profile_images/1586938532/Picture0343_normal.jpg","@mikepineda1","¬∑","Mejor ayuden al estado y dejen de gastar recursos en cargar su candidate usando el dinero del pueblo","https://twitter.com/mikepineda1/status/1706519877643812976","","https://twitter.com/mikepineda1/status/1706519877643812976/analytics","1","","12h","23","","","","",""
"DioZ Vendito","https://twitter.com/supermacana","https://pbs.twimg.com/profile_images/447282609303736320/A69jn5JJ_normal.jpeg","@supermacana","¬∑","Jajajajajaja la empleada del c√°rtel de Sinaloa","https://twitter.com/supermacana/status/1706386204302668158","","https://twitter.com/supermacana/status/1706386204302668158/analytics","4","","21h","174","","","","",""
"Bian Ramcas.","https://twitter.com/BianRamcas","https://pbs.twimg.com/profile_images/1641867942554918924/-7ddbLz6_normal.jpg","@BianRamcas","¬∑","Tremenda pendejez nadie dice nada de las situaciones en Chiapas. Y ellos siguen diciendo que van por la continuidad de la 4T. Al final del d√≠a van por su hueso.","https://twitter.com/BianRamcas/status/1706409678958174693","","https://twitter.com/BianRamcas/status/1706409678958174693/analytics","1","","20h","106","","","","2",""
"VICTOR OSEGUERA","https://twitter.com/OSEGUERAVICTOR","https://pbs.twimg.com/profile_images/827227607896776704/JIxio9b5_normal.jpg","@OSEGUERAVICTOR","¬∑","Quieres darle continuidad a 166000 homicidios dolosos, darle continuidad a la impunidad con que operan los carteles en Chiapas?, continuidad a grupos como los Motonetos o el machete?. El chiste es seguir viviendo del erario aunque ello implique servilismo, sin una visi√≥n propia.","https://twitter.com/OSEGUERAVICTOR/status/1706685144843595966","","https://twitter.com/OSEGUERAVICTOR/status/1706685144843595966/analytics","","","1h","12","","","","",""
"Lifestyle Latino","https://twitter.com/LifestyleLatino","https://pbs.twimg.com/profile_images/1617941693717745670/Cu0RsEa7_normal.jpg","@LifestyleLatino","Te diremos cu√°ntos a√±os fuiste a la escuela despu√©s de 20 preguntas. Me da verguenza lo malo que hice","lifestylelatino.com","https://www.lifestylelatino.com/solamente-aquellas-personas-con-ci-elevado-pueden-lograr-15-20-en-este-cuestionario/?utm_source=tq&utm_campaign=2au-d-mx-r-l0-kmssv-230920-ll-tq-c1&utm_medium=blank&utm_content=blank&utm_term=blank&twclid=247bdqqncehugh12wdaehyb24r","https://pbs.twimg.com/media/F6a8cCPWMAA3uLT?format=jpg&name=120x120","https://www.lifestylelatino.com/solamente-aquellas-personas-con-ci-elevado-pueden-lograr-15-20-en-este-cuestionario/?utm_source=tq&utm_campaign=2au-d-mx-r-l0-kmssv-230920-ll-tq-c1&utm_medium=blank&utm_content=blank&utm_term=blank&twclid=247bdqqncehugh12wdaehyb24r","Te diremos cu√°ntos a√±os fuiste a la escuela despu√©s de 20 preguntas","https://twitter.com/LifestyleLatino/status/1704256704798437499/analytics","","1","5","117,3¬†mil","Promocionado","",""
"Julia Zugazagoitia","https://twitter.com/jzugazagoitia","https://pbs.twimg.com/profile_images/1347289342075539456/DCpvcmwS_normal.jpg","@jzugazagoitia","¬∑","Ya vimos el desfile narco. 

Espectacular transformaci√≥n llevan a cabo en morena.","https://twitter.com/jzugazagoitia/status/1706375882313515307","","https://twitter.com/jzugazagoitia/status/1706375882313515307/analytics","6","","22h","129","","","","",""
"„Éò„ÇØ„Éà„É´","https://twitter.com/h3ct0r81","https://pbs.twimg.com/profile_images/1691787621058420736/O9wUQQvG_normal.jpg","@h3ct0r81","¬∑","Arriba el narco!!!","https://twitter.com/h3ct0r81/status/1706693644466725190","","https://twitter.com/h3ct0r81/status/1706693644466725190/analytics","","","1h","12","","","","",""
"Tuco Benedicto Pac√≠fico Juan Mar√≠a Ram√≠rez ‚Ä†","https://twitter.com/tttjaemi","https://pbs.twimg.com/profile_images/1196956963898318858/IA_x0xor_normal.jpg","@tttjaemi","¬∑","No rata, no.","https://twitter.com/tttjaemi/status/1706437209564258765","","https://twitter.com/tttjaemi/status/1706437209564258765/analytics","","","18h","44","","","","",""
"LUIS","https://twitter.com/jlzea","https://pbs.twimg.com/profile_images/1546725525753712641/ZqD_Dqfd_normal.jpg","@jlzea","¬∑","No Sasil, tu no perteneces a ese proyecto, tu te colgaste junto con Lalo Ramirez, cuando vieron que todo apuntaba por ese lado y vieron el hartazgo del pueblo, jugaron bien, pero no estamos tan pendejos, regresa al verde desde donde apedreaste este proyecto","https://twitter.com/jlzea/status/1706387116236718579","","https://twitter.com/jlzea/status/1706387116236718579/analytics","4","","21h","102","","","","",""
"Delmar Penka","https://twitter.com/S0fes","https://pbs.twimg.com/profile_images/1654208282964238336/DczfJGAP_normal.jpg","@S0fes","¬∑","Un par√°sito que ha vivido de la pol√≠tica. Usted no representa la transformaci√≥n m√°s que la de su propio bolsillo.","https://twitter.com/S0fes/status/1706448822136705298","","https://twitter.com/S0fes/status/1706448822136705298/analytics","1","","17h","48","","","","2",""
"Jorge","https://twitter.com/Jorge52087612","https://pbs.twimg.com/profile_images/1596686344557920256/uiXVnpJm_normal.jpg","@Jorge52087612","¬∑","No gracias y aparte tambi√©n fue complice del ex-gobernador corrupto ladron","https://twitter.com/Jorge52087612/status/1706446140231578074","https://pbs.twimg.com/media/F66DuJGXMAE9NPo?format=jpg&name=small","https://twitter.com/Jorge52087612/status/1706446140231578074/analytics","1","","17h","47","que durante su mandato solamente se dedicaron a saquear el erario de Chiapas","","","1","https://twitter.com/Jorge52087612/status/1706446140231578074/photo/1"
"Mostrar m√°s respuestas","","","","","","","","","","","","","","","","",""
"Arturo","https://twitter.com/arthurantunes64","https://pbs.twimg.com/profile_images/1682266720931569664/uqDf9qS8_normal.jpg","@arthurantunes64","¬∑","El pueblo d Chiapas ha sufrido, durante mucho tiempo, las injusticias d anteriores gobiernos corruptos y abusivos, pero, con","https://twitter.com/arthurantunes64/status/1706417235072303588","","https://twitter.com/arthurantunes64/status/1706417235072303588/analytics","2","","19h","77","y","ha sido peor. Y tambi√©n Manuel Velasco se aprovech√≥ del cargo para hacer de las suyas, hoy, encubierto x","","","https://twitter.com/hashtag/AMLOELcorrupto?src=hashtag_click"
"Jonh","https://twitter.com/Johh7283838","https://abs.twimg.com/sticky/default_profile_images/default_profile_normal.png","@Johh7283838","¬∑","La corrupta quiere seguir robando pero a manos llenas. Algo que decir de los acontecimientos en Chiapas? Se√±aladas directamente al gobernador o al presidente por la estrategia fallida? Inepta","https://twitter.com/Johh7283838/status/1706412013151305767","","https://twitter.com/Johh7283838/status/1706412013151305767/analytics","","","19h","42","","","","",""
"Juan Tovar","https://twitter.com/Juanmatova","https://pbs.twimg.com/profile_images/1669932031076171777/hNNetE3x_normal.jpg","@Juanmatova","¬∑","Eres una BASURA.","https://twitter.com/Juanmatova/status/1706409446518235399","","https://twitter.com/Juanmatova/status/1706409446518235399/analytics","","","20h","34","","","","",""
"A M","https://twitter.com/Akusuerito1","https://pbs.twimg.com/profile_images/1509009244447813646/w8W7bN1E_normal.jpg","@Akusuerito1","¬∑","Cita","https://twitter.com/Akusuerito1/status/1706413790110044161","https://pbs.twimg.com/profile_images/1521087090246791168/Pdh6qmMz_mini.jpg","https://twitter.com/Akusuerito1/status/1706413790110044161/analytics","2","https://twitter.com/SGarciaSoto/status/1706394976299417908","19h","42","Salvador Garc√≠a Soto","@SGarciaSoto","¬∑","Este es el video en el que habitantes del pueblo de San Gregorio Chamic en",""
"ElCoste√±oCaribe√±o¬Æ","https://twitter.com/CaribenoCosteno","https://pbs.twimg.com/profile_images/1248381540641296384/ucMGhjlS_normal.jpg","@CaribenoCosteno","¬∑","Pol√≠tica supuestamente de Izquierda con ideolog√≠a de extrema derecha.","https://twitter.com/CaribenoCosteno/status/1706524045460586972","https://pbs.twimg.com/media/F67Kk5lXcAASUZU?format=jpg&name=small","https://twitter.com/CaribenoCosteno/status/1706524045460586972/analytics","1","https://twitter.com/CaribenoCosteno/status/1706524045460586972/photo/1","12h","12","","","","",""
"Arturo Hern√°ndez P√©r","https://twitter.com/Arturepe","https://abs.twimg.com/sticky/default_profile_images/default_profile_normal.png","@Arturepe","¬∑","X no te vas en f√≠sico o en persona a la frontera con Guatemala, para q demuestre obrador q realmente su gobierno y su persona es la Victima del conservadurismo y no el pueblo, si sales viva ya me avisas,","https://twitter.com/Arturepe/status/1706437040923869306","","https://twitter.com/Arturepe/status/1706437040923869306/analytics","","","18h","26","","","","",""
"Pardaillan","https://twitter.com/Pardaillan5","https://pbs.twimg.com/profile_images/1239781723686273024/wVo36wlD_normal.jpg","@Pardaillan5","¬∑","""darle continuidad al Proceso de Transformaci√≥n del Pa√≠s"", o sea que el Narco, siga avanzando sin ning√∫n problema..","https://twitter.com/Pardaillan5/status/1706417881875955985","","https://twitter.com/Pardaillan5/status/1706417881875955985/analytics","1","","19h","30","","","","",""
"Mostrar respuestas adicionales, incluidas las que puedan contener material ofensivo","","","Mostrar","","","","","","","","","","","","","",""
"A M","https://twitter.com/Akusuerito1","https://pbs.twimg.com/profile_images/1509009244447813646/w8W7bN1E_normal.jpg","@Akusuerito1","¬∑","Cita","https://twitter.com/Akusuerito1/status/1706413790110044161","https://pbs.twimg.com/profile_images/1521087090246791168/Pdh6qmMz_mini.jpg","https://twitter.com/Akusuerito1/status/1706413790110044161/analytics","2","https://twitter.com/SGarciaSoto/status/1706394976299417908","19h","42","Salvador Garc√≠a Soto","@SGarciaSoto","¬∑","Este es el video en el que habitantes del pueblo de San Gregorio Chamic en",""
"","https://twitter.com/sasildeleon","https://pbs.twimg.com/profile_images/1633306024345055232/AClmGVBa_normal.jpg","Sasil de Le√≥n","@sasildeleon","¬°En Chiapas la unidad seguir√° haciendo historia!

Recibimos la visita de la Dra. Claudia Sheinbaum para celebrar la Firma del Acuerdo de Unidad por la Transformaci√≥n. El pueblo chiapaneco est√° de fiesta porque tenemos Coordinadora Nacional y ser√° nuestra futura presidenta. 

¬°El tiempo de las mujeres se siente en Chiapas y todo M√©xico!","https://twitter.com/sasildeleon/status/1705042048456274214/photo/1","https://pbs.twimg.com/media/F6mGs4KWkAEkbLX?format=jpg&name=360x360","https://twitter.com/sasildeleon/status/1705042048456274214/media_tags","Dra. Claudia Sheinbaum","https://twitter.com/sasildeleon/status/1705042048456274214","8:11 p. m. ¬∑ 21 sept. 2023","¬∑","2.444","Reproducciones","14","70","https://twitter.com/DevSrinivasa"
"Victor albores","https://twitter.com/Victor_albores0","https://abs.twimg.com/sticky/default_profile_images/default_profile_normal.png","@Victor_albores0","¬∑","Hay mucho trabajo por hacer, es bueno buscar la unidad, es tiempo de buenos cambios !!!","https://twitter.com/Victor_albores0/status/1705054082614866307","","https://twitter.com/Victor_albores0/status/1705054082614866307/analytics","1","","21 sept.","68","","","","",""
"Beta","https://twitter.com/roy_beta","https://pbs.twimg.com/profile_images/1580079061271027719/gbevgxAr_normal.jpg","@roy_beta","¬∑","Es tiempo de las mujeres","https://twitter.com/roy_beta/status/1705062064668975328","","https://twitter.com/roy_beta/status/1705062064668975328/analytics","","","21 sept.","63","","","","",""
"Lifestyle Latino","https://twitter.com/LifestyleLatino","https://pbs.twimg.com/profile_images/1617941693717745670/Cu0RsEa7_normal.jpg","@LifestyleLatino","Te diremos cu√°ntos a√±os tiene tu alma despu√©s de 20 preguntas","lifestylelatino.com","https://www.lifestylelatino.com/que-tan-antigua-es-tu-alma-atraviesa-este-cuestionario-para-descubrirlo/?utm_source=tq&utm_campaign=kgski-tq&utm_medium=blank&utm_content=blank&utm_term=blank&twclid=2-2381m66bt7bhwn11ntvs6qqgv","https://pbs.twimg.com/media/F65nHIyW0AApW0Z?format=jpg&name=120x120","https://www.lifestylelatino.com/que-tan-antigua-es-tu-alma-atraviesa-este-cuestionario-para-descubrirlo/?utm_source=tq&utm_campaign=kgski-tq&utm_medium=blank&utm_content=blank&utm_term=blank&twclid=2-2381m66bt7bhwn11ntvs6qqgv","Responde 20 preguntas y descubre cu√°ntos a√±os tiene realmente tu alma","https://twitter.com/LifestyleLatino/status/1706414686235734285/analytics","","1","","4.460","Promocionado","",""
"Fundaci√≥n Resplandece","https://twitter.com/f_resplandece","https://pbs.twimg.com/profile_images/1644852708195573763/TPOUjqCn_normal.jpg","@f_resplandece","¬∑","Seguimos avanzando","https://twitter.com/f_resplandece/status/1705049005456064531","","https://twitter.com/f_resplandece/status/1705049005456064531/analytics","","","21 sept.","84","","","","",""
"Luis Fabian Alvarado Cruz","https://twitter.com/LuisFabianAlv11","https://abs.twimg.com/sticky/default_profile_images/default_profile_normal.png","@LuisFabianAlv11","¬∑","","https://twitter.com/LuisFabianAlv11/status/1705056813178028199","","https://twitter.com/LuisFabianAlv11/status/1705056813178028199/analytics","","","21 sept.","43","","","","","https://twitter.com/hashtag/EsSasil?src=hashtag_click"
"Mauricio Santiago","https://twitter.com/MauSantiM","https://pbs.twimg.com/profile_images/1362439679606415362/95L4mmRK_normal.jpg","@MauSantiM","¬∑","Tambi√©n vendr√≠a bien una gobernadora","https://twitter.com/MauSantiM/status/1705054326400360458","","https://twitter.com/MauSantiM/status/1705054326400360458/analytics","","","21 sept.","80","","","","","https://twitter.com/hashtag/EsSasil?src=hashtag_click"
"santiago castillo","https://twitter.com/santiagoxchance","https://pbs.twimg.com/profile_images/1705052861808230400/sNh8SYp0_normal.jpg","@santiagoxchance","¬∑","","https://twitter.com/santiagoxchance/status/1705050869157278198","","https://twitter.com/santiagoxchance/status/1705050869157278198/analytics","","","21 sept.","52","","","","","https://twitter.com/hashtag/EsSasil?src=hashtag_click"
"Francesco Croda De leon","https://twitter.com/FRCRDL","https://pbs.twimg.com/profile_images/1618739576595439616/-GRt5ivN_normal.jpg","@FRCRDL","¬∑","","https://twitter.com/FRCRDL/status/1705048562843717666","","https://twitter.com/FRCRDL/status/1705048562843717666/analytics","2","","21 sept.","54","","","","","https://twitter.com/hashtag/EsSasil?src=hashtag_click"
"Valentin Gonzalez","https://twitter.com/Valenti42791630","https://abs.twimg.com/sticky/default_profile_images/default_profile_normal.png","@Valenti42791630","¬∑","Mezcalapa est√° con usted senadora.","https://twitter.com/Valenti42791630/status/1705413020065599556","","https://twitter.com/Valenti42791630/status/1705413020065599556/analytics","","","22 sept.","5","","","","",""
"Arturo Herrera","https://twitter.com/ArturoH01715392","https://pbs.twimg.com/profile_images/1586889589855342593/nJJaQb9N_normal.jpg","@ArturoH01715392","¬∑","Es de Puebla","https://twitter.com/ArturoH01715392/status/1705055364100599903","","https://twitter.com/ArturoH01715392/status/1705055364100599903/analytics","","","21 sept.","8","","","","",""
"Alberto Castorente","https://twitter.com/castorente","https://pbs.twimg.com/profile_images/1464327209158651907/B8_rgWP6_normal.jpg","@castorente","¬∑","Como cuando te dicen que es tiempo de las mujeres!","https://twitter.com/castorente/status/1705261523554198011","https://pbs.twimg.com/media/F6pOUPMW4AEPQSm?format=jpg&name=small","https://twitter.com/castorente/status/1705261523554198011/analytics","","https://twitter.com/castorente/status/1705261523554198011/photo/1","22 sept.","12","","","","",""
"Oscar Albores","https://twitter.com/OscarAlbores20","https://pbs.twimg.com/profile_images/1699982583201771520/VAbxFXmx_normal.jpg","@OscarAlbores20","¬∑","Ojal√° que se haga historia pero para sacar a toda la bola de par√°sitos y ladrones como t√∫ y otros m√°s que jam√°s han hecho nada por Chiapas, m√°s que aprovecharse de su posici√≥n pol√≠tica para enriquecerse y favorecer a sus amistades. C√≠nica, mezquina e in√∫til","https://twitter.com/OscarAlbores20/status/1705076354964681112","","https://twitter.com/OscarAlbores20/status/1705076354964681112/analytics","","","21 sept.","21","","","","",""
"Luis Camargo Vidal","https://twitter.com/LuisCamargoVida","https://pbs.twimg.com/profile_images/378800000105823863/e20080a51b28f9f7ef2bc7283ba8253b_normal.jpeg","@LuisCamargoVida","¬∑","","https://twitter.com/LuisCamargoVida/status/1705066112461762844","https://pbs.twimg.com/media/F6mcleaXUAEvfIQ?format=jpg&name=small","https://twitter.com/LuisCamargoVida/status/1705066112461762844/analytics","","https://twitter.com/LuisCamargoVida/status/1705066112461762844/photo/1","21 sept.","5","","","","","https://twitter.com/hashtag/SeVanPorqueSeVan?src=hashtag_click"
"Diego Moreno","https://twitter.com/diego_moreno96","https://pbs.twimg.com/profile_images/1611087211847376923/t6L8G3bA_normal.jpg","@diego_moreno96","¬∑","","https://twitter.com/diego_moreno96/status/1704658550486639084","","https://twitter.com/diego_moreno96/status/1704658550486639084/analytics","","","20 sept.","78","","","","",""
"Oscar Albores","https://twitter.com/OscarAlbores20","https://pbs.twimg.com/profile_images/1699982583201771520/VAbxFXmx_normal.jpg","@OscarAlbores20","¬∑","Si pero no de mujeres rateras y s√°trapas como t√∫ saVIL y descarada, par√°sita del pueblo.","https://twitter.com/OscarAlbores20/status/1704922956290314674","","https://twitter.com/OscarAlbores20/status/1704922956290314674/analytics","","","21 sept.","7","","","","",""
"Lara","https://twitter.com/Gerard265510921","https://pbs.twimg.com/profile_images/1666256393114988546/DoMB4uE-_normal.jpg","@Gerard265510921","¬∑","Todos sabemos que es solo una t√≠tere del se√±or Obrador hasta le copia su manera de hablar y actuar","https://twitter.com/Gerard265510921/status/1704636892279398555","","https://twitter.com/Gerard265510921/status/1704636892279398555/analytics","","","20 sept.","12","","","","",""
"Descubre m√°s","","","Provenientes de todas partes de Twitter","","","","","","","","","","","","","",""
"Ra√∫l Ojeda","https://twitter.com/RaulOjedaZ52","https://pbs.twimg.com/profile_images/1548017418936537096/LOAkqNF8_normal.jpg","@RaulOjedaZ52","¬∑","Vamos!","https://twitter.com/RaulOjedaZ52/status/1706372819544838350","https://pbs.twimg.com/media/F65BCLKakAA-MBF?format=jpg&name=small","https://twitter.com/RaulOjedaZ52/status/1706372819544838350/analytics","25","","22h","6.929","","","155","46","https://twitter.com/RaulOjedaZ52/status/1706372819544838350/photo/1"
"Mara Lezama","https://twitter.com/MaraLezama","https://pbs.twimg.com/profile_images/1598783454321250328/UwUbOwV9_normal.jpg","@MaraLezama","¬∑","Querida secretaria","https://twitter.com/MaraLezama/status/1706409310417268883","","https://twitter.com/MaraLezama/status/1706409310417268883/analytics","11","","20h","4.110",", ya arrancaron los Juegos Nacionales Deportivos, Culturales y Recreativos de la Secretar√≠a de",".

 Nos emociona saber que en","101","44","https://twitter.com/hashtag/Canc%C3%BAn?src=hashtag_click"
"Alejandro Armenta","https://twitter.com/armentapuebla_","https://pbs.twimg.com/profile_images/1697429740850737152/dkKMPKgV_normal.jpg","@armentapuebla_","¬∑","Gracias a cada uno de los integrantes del Frente de Defensa de la","https://twitter.com/armentapuebla_/status/1706459632141525036","https://pbs.twimg.com/media/F66P-gma0AAttUX?format=jpg&name=360x360","https://twitter.com/armentapuebla_/status/1706459632141525036/analytics","42","https://twitter.com/armentapuebla_/status/1706459632141525036/photo/1","16h","5.173","por su respaldo.

Mi registro para la Coordinaci√≥n del Comit√© Estatal de Defensa de la 4T es un compromiso de honrar la confianza de las y los poblanos.

El legado de nuestro presidente‚Ä¶","","165","80","https://twitter.com/hashtag/CuartaTransformaci%C3%B3n?src=hashtag_click"
"MiguelTorrucoMarqu√©s","https://twitter.com/TorrucoTurismo","https://pbs.twimg.com/profile_images/1168146401773129730/_wTkhk0b_normal.jpg","@TorrucoTurismo","¬∑","¬°Hicimos historia en el 2¬∞","https://twitter.com/TorrucoTurismo/status/1706379264306844154","","https://twitter.com/TorrucoTurismo/status/1706379264306844154/analytics","12","https://twitter.com/hashtag/Turismo?src=hashtag_click","22h","2.126","de","!",", 142 presidentes y alcaldesas, las y los artesanos, cocineras tradicionales, chefs, prestadores de servicios, autoridades del Consulado de","34","https://twitter.com/hashtag/TianguisInternacional?src=hashtag_click"
"MiguelTorrucoMarqu√©s","https://twitter.com/TorrucoTurismo","https://pbs.twimg.com/profile_images/1168146401773129730/_wTkhk0b_normal.jpg","@TorrucoTurismo","¬∑","¬°Hicimos historia en el 2¬∞","https://twitter.com/TorrucoTurismo/status/1706379264306844154","","https://twitter.com/TorrucoTurismo/status/1706379264306844154/analytics","12","https://twitter.com/hashtag/Turismo?src=hashtag_click","22h","2.126","de","!",", 142 presidentes y alcaldesas, las y los artesanos, cocineras tradicionales, chefs, prestadores de servicios, autoridades del Consulado de","34","https://twitter.com/hashtag/TianguisInternacional?src=hashtag_click"
"y","https://twitter.com/sasildeleon","https://pbs.twimg.com/profile_images/1633306024345055232/AClmGVBa_normal.jpg","Sasil de Le√≥n","@sasildeleon","CELEBRO LOS LINEAMIENTOS QUE CONTENDR√Å LA CONVOCATORIA DE NUESTRO COMIT√â NACIONAL COMO ACCI√ìN AFIRMATIVA EN MATERIA DE PARIDAD DE G√âNERO.

Reconozco la acci√≥n afirmativa de mis compa√±eros integrantes del Comit√© Ejecutivo Nacional de MORENA por esta selecci√≥n de futuras aspirantes a participar a la elecci√≥n de Chiapas para la gubernatura. 
No tengo la menor duda que la cuarta transformaci√≥n va de la mano con la participaci√≥n de las mujeres y que en las encuestas se ver√° reflejado el trabajo que hemos venido realizando por a√±os junto a muchos y muchas chiapanecas.","https://twitter.com/sasildeleon/status/1701983002941702452/photo/1","https://pbs.twimg.com/media/F56kNk9WQAAh8__?format=jpg&name=900x900","https://twitter.com/sasildeleon/status/1701983002941702452/media_tags","Morena","https://twitter.com/sasildeleon/status/1701983002941702452/history","9:35 a. m. ¬∑ 13 sept. 2023","¬∑","6.102","Reproducciones","12","66","https://twitter.com/DevSrinivasa"
"Mart√≠n Moreno","https://twitter.com/martinmorenomx","https://pbs.twimg.com/profile_images/1686189837206851584/iB3DZuh1_normal.jpg","@martinmorenomx","¬∑","Animo !! Con todo","https://twitter.com/martinmorenomx/status/1702055544864096740","","https://twitter.com/martinmorenomx/status/1702055544864096740/analytics","1","","13 sept.","277","!","","","",""
"Verynice","https://twitter.com/berecite","https://pbs.twimg.com/profile_images/477244824391659520/3j_9a-0r_normal.jpeg","@berecite","¬∑","Es veracruzana no?","https://twitter.com/berecite/status/1702025894552817673","","https://twitter.com/berecite/status/1702025894552817673/analytics","1","","13 sept.","308","","","","",""
"Lifestyle Latino","https://twitter.com/LifestyleLatino","https://pbs.twimg.com/profile_images/1617941693717745670/Cu0RsEa7_normal.jpg","@LifestyleLatino","Te diremos cu√°ntos a√±os tiene tu alma despu√©s de 20 preguntas","lifestylelatino.com","https://www.lifestylelatino.com/que-tan-antigua-es-tu-alma-atraviesa-este-cuestionario-para-descubrirlo/?utm_source=tq&utm_campaign=kgski-tq&utm_medium=blank&utm_content=blank&utm_term=blank&twclid=2-6dd5fk3sw71unq0qea8wwkc78","https://pbs.twimg.com/media/F65nHHAXIAAPTsE?format=jpg&name=120x120","https://www.lifestylelatino.com/que-tan-antigua-es-tu-alma-atraviesa-este-cuestionario-para-descubrirlo/?utm_source=tq&utm_campaign=kgski-tq&utm_medium=blank&utm_content=blank&utm_term=blank&twclid=2-6dd5fk3sw71unq0qea8wwkc78","Responde 20 preguntas y descubre cu√°ntos a√±os tiene realmente tu alma","https://twitter.com/LifestyleLatino/status/1706414684159594746/analytics","","1","","4.422","Promocionado","",""
"Mercedes Sol√≠s","https://twitter.com/MercedesSo63331","https://pbs.twimg.com/profile_images/1661065321921364036/A5xynRAj_normal.jpg","@MercedesSo63331","¬∑","Una chiapaneca para Chiapas, las gestiones realizadas en pro de las y los chiapanecos hablan por s√≠ solas.","https://twitter.com/MercedesSo63331/status/1702166096093012316","","https://twitter.com/MercedesSo63331/status/1702166096093012316/analytics","","","13 sept.","83","","","","",""
"Rafael Israel Diaz","https://twitter.com/RafaelIsra74858","https://pbs.twimg.com/profile_images/1656671217854844935/BRdlvnQN_normal.png","@RafaelIsra74858","¬∑","Ilusa que SOS vos sasil queres  gobernar Chiapas y no sos chiapaneca dicen las gentes de ERA que tu pap√° fundo la UNAL y creo muchos problemas en el Estado hac√≠an secuestros expres robaron hartos carros y asaltaban y tod@s tus herman@s cobran sin trabajar en el gobierno estatal .","https://twitter.com/RafaelIsra74858/status/1702396395578097766","","https://twitter.com/RafaelIsra74858/status/1702396395578097766/analytics","2","","14 sept.","48","","","","",""
"ùíúùìÉùìâùíæ ùí∂ùìÇùìÅ‚Ñ¥Ôºå ùíúùìÉùìâùíæ 4ùíØÔºé","https://twitter.com/Esteban82013959","https://pbs.twimg.com/profile_images/1704620244508069889/QpEHeUEw_normal.jpg","@Esteban82013959","¬∑","","https://twitter.com/Esteban82013959/status/1702040553641087037","https://pbs.twimg.com/media/F57c3HqXAAAx3Sc?format=jpg&name=small","https://twitter.com/Esteban82013959/status/1702040553641087037/analytics","","https://twitter.com/Esteban82013959/status/1702040553641087037/photo/1","13 sept.","245","","","","",""
"Dr Gustavo Zenteno","https://twitter.com/drgzenteno","https://pbs.twimg.com/profile_images/1418918790872580102/rVEtPKY0_normal.jpg","@drgzenteno","¬∑","Es la Senadora que hizo el rid√≠culo en la entrega del premio a Elena Poniatowska ?  Creo que Chiapas merece algo m√°s serio ..","https://twitter.com/drgzenteno/status/1702033811637424583","","https://twitter.com/drgzenteno/status/1702033811637424583/analytics","7","","13 sept.","308","","","","",""
"Alberto Castorente","https://twitter.com/castorente","https://pbs.twimg.com/profile_images/1464327209158651907/B8_rgWP6_normal.jpg","@castorente","¬∑","No vas a ganar en todo caso. Chiapas no te quiere","https://twitter.com/castorente/status/1702022454464352547","","https://twitter.com/castorente/status/1702022454464352547/analytics","4","","13 sept.","77","","","","",""
"ùíúùìÉùìâùíæ ùí∂ùìÇùìÅ‚Ñ¥Ôºå ùíúùìÉùìâùíæ 4ùíØÔºé","https://twitter.com/Esteban82013959","https://pbs.twimg.com/profile_images/1704620244508069889/QpEHeUEw_normal.jpg","@Esteban82013959","¬∑","Considero que deber√≠as de tener tantita dignidad (si es que la conoces) y no estar colgando tus lonitas con dinero que es de los chiapanecos, est√°s haciendo mal uso de ese recurso, chiapas no merece m√°s pisoteos, se fueron los malos y llegaron otros peores.","https://twitter.com/Esteban82013959/status/1702040060617490444","","https://twitter.com/Esteban82013959/status/1702040060617490444/analytics","1","","13 sept.","57","","","","",""
"Carlos Conde","https://twitter.com/CarlosCond99","https://abs.twimg.com/sticky/default_profile_images/default_profile_normal.png","@CarlosCond99","¬∑","Saludos desde palenque chiapas senadora SASIL de Le√≥n pr√≥xima gobernadora de chiapas DIOS la bendiga","https://twitter.com/CarlosCond99/status/1702025879658881035","","https://twitter.com/CarlosCond99/status/1702025879658881035/analytics","","","13 sept.","78","","","","",""
"Lifestyle Latino","https://twitter.com/LifestyleLatino","https://pbs.twimg.com/profile_images/1617941693717745670/Cu0RsEa7_normal.jpg","@LifestyleLatino","Te diremos cu√°ntos a√±os fuiste a la escuela despu√©s de 20 preguntas. Me da verguenza lo malo que hice","lifestylelatino.com","https://www.lifestylelatino.com/solamente-aquellas-personas-con-ci-elevado-pueden-lograr-15-20-en-este-cuestionario/?utm_source=tq&utm_campaign=2au-d-mx-r-l0-kmssv-230920-ll-tq-c1&utm_medium=blank&utm_content=blank&utm_term=blank&twclid=22rs3t1fxi6owt1ouy63knqbf","","https://www.lifestylelatino.com/solamente-aquellas-personas-con-ci-elevado-pueden-lograr-15-20-en-este-cuestionario/?utm_source=tq&utm_campaign=2au-d-mx-r-l0-kmssv-230920-ll-tq-c1&utm_medium=blank&utm_content=blank&utm_term=blank&twclid=22rs3t1fxi6owt1ouy63knqbf","Te diremos cu√°ntos a√±os fuiste a la escuela despu√©s de 20 preguntas","https://twitter.com/LifestyleLatino/status/1704256703137554480/analytics","","2","7","58,4¬†mil","Promocionado","",""
"jorge","https://twitter.com/joludamo","https://pbs.twimg.com/profile_images/3016090196/7591f3c075b9da933ce4315bfd6ee379_normal.jpeg","@joludamo","¬∑","No merecemos a este tipo de seres para la gubernatura","https://twitter.com/joludamo/status/1702075962853072917","","https://twitter.com/joludamo/status/1702075962853072917/analytics","1","","13 sept.","46","","","","",""
"0:01 / 0:34","https://twitter.com/sasildeleon","https://pbs.twimg.com/profile_images/1633306024345055232/AClmGVBa_normal.jpg","Sasil de Le√≥n","@sasildeleon","Amigas y amigos de Chiapas, 

Estamos muy contentos porque nos encontramos en la Asamblea Nacional de Morena, donde en unos momentos m√°s la Dra. Claudia Sheinbaum tomar√° protesta como Coordinadora de los Comit√©s de Defensa de la Cuarta Transformaci√≥n. 

Este es un momento hist√≥rico, pues por primera vez, una mujer encabezar√° este movimiento de transformaci√≥n que iniciamos junto al presidente L√≥pez Obrador en el 2018. 

En esta nueva etapa bajo el liderazgo de la Dra. Sheinbaum, es necesario continuar fortaleciendo los valores de nuestro movimiento, as√≠ como mantener la unidad para que la transformaci√≥n contin√∫e y pueda llegar a todos los rincones del pa√≠s. 

Es tiempo de Unidad, 
es tiempo de Mujeres 

¬°Qu√© viva la cuarta transformaci√≥n! 
¬°Qu√© viva Morena!","","","","","https://twitter.com/sasildeleon/status/1700991140567367989","3:54 p. m. ¬∑ 10 sept. 2023","¬∑","2.459","Reproducciones","9","57","https://twitter.com/DevSrinivasa"
"Enrique Mej√≠a","https://twitter.com/EnriqueMevel","https://pbs.twimg.com/profile_images/1705440019748360192/Cd7MrR1q_normal.jpg","@EnriqueMevel","¬∑","Saludos desde Motozintla mi senadora","https://twitter.com/EnriqueMevel/status/1701058718622740681","","https://twitter.com/EnriqueMevel/status/1701058718622740681/analytics","1","","10 sept.","1","190","","","",""
"Sasil de Le√≥n","https://twitter.com/sasildeleon","https://pbs.twimg.com/profile_images/1633306024345055232/AClmGVBa_normal.jpg","@sasildeleon","¬∑","¬°Saludos!","https://twitter.com/sasildeleon/status/1701251925440610542","","https://twitter.com/sasildeleon/status/1701251925440610542/analytics","","","11 sept.","52","","","","",""
"Jorge Fernandez A","https://twitter.com/JorgeFdezA","https://pbs.twimg.com/profile_images/498664635814645760/vs63SBGa_normal.jpeg","@JorgeFdezA","¬∑","Usted senadora vestida asi ?? Si siempre que viene a su amado chiapas no suelta la ropa artesanal, que paso pues, no que mucho amor a las raices indigenas","https://twitter.com/JorgeFdezA/status/1701303265894211807","","https://twitter.com/JorgeFdezA/status/1701303265894211807/analytics","1","","11 sept.","31","","","","",""
"E","https://twitter.com/Antwan_Eduardo","https://pbs.twimg.com/profile_images/1220166575090753536/F0i4Rjwv_normal.jpg","@Antwan_Eduardo","¬∑","Para, de lenguetear.","https://twitter.com/Antwan_Eduardo/status/1700991862260252836","https://pbs.twimg.com/media/F5sjCesasAEPpqu?format=jpg&name=360x360","https://twitter.com/Antwan_Eduardo/status/1700991862260252836/analytics","","https://twitter.com/Antwan_Eduardo/status/1700991862260252836/photo/1","10 sept.","97","","","","","https://twitter.com/Antwan_Eduardo/status/1700991862260252836/photo/2"
"Oscar Albores","https://twitter.com/OscarAlbores20","https://pbs.twimg.com/profile_images/1699982583201771520/VAbxFXmx_normal.jpg","@OscarAlbores20","¬∑","Ojal√° en las elecciones te manden ALV arrastrada","https://twitter.com/OscarAlbores20/status/1701040747837804943","","https://twitter.com/OscarAlbores20/status/1701040747837804943/analytics","2","","10 sept.","64","","","","",""
"Lara","https://twitter.com/Gerard265510921","https://pbs.twimg.com/profile_images/1666256393114988546/DoMB4uE-_normal.jpg","@Gerard265510921","¬∑","Traidores","https://twitter.com/Gerard265510921/status/1701000110833070511","","https://twitter.com/Gerard265510921/status/1701000110833070511/analytics","1","","10 sept.","84","","","","",""
"Dorantes R","https://twitter.com/E_dorantes_r","https://pbs.twimg.com/profile_images/1547715193156775936/NnfNmDpe_normal.jpg","@E_dorantes_r","¬∑","XD","https://twitter.com/E_dorantes_r/status/1701338581074092097","","https://twitter.com/E_dorantes_r/status/1701338581074092097/analytics","","","11 sept.","20","","","","",""
"Lifestyle Latino","https://twitter.com/LifestyleLatino","https://pbs.twimg.com/profile_images/1617941693717745670/Cu0RsEa7_normal.jpg","@LifestyleLatino","Te diremos cu√°ntos a√±os fuiste a la escuela despu√©s de 20 preguntas. Me da verguenza lo malo que hice","lifestylelatino.com","https://www.lifestylelatino.com/solamente-aquellas-personas-con-ci-elevado-pueden-lograr-15-20-en-este-cuestionario/?utm_source=tq&utm_campaign=2au-d-mx-r-l0-kmssv-230920-ll-tq-c1&utm_medium=blank&utm_content=blank&utm_term=blank&twclid=2-cf4e8h2m90v99oq2o8xk0zin","https://pbs.twimg.com/media/F6a8cCPWMAA3uLT?format=jpg&name=120x120","https://www.lifestylelatino.com/solamente-aquellas-personas-con-ci-elevado-pueden-lograr-15-20-en-este-cuestionario/?utm_source=tq&utm_campaign=2au-d-mx-r-l0-kmssv-230920-ll-tq-c1&utm_medium=blank&utm_content=blank&utm_term=blank&twclid=2-cf4e8h2m90v99oq2o8xk0zin","Te diremos cu√°ntos a√±os fuiste a la escuela despu√©s de 20 preguntas","https://twitter.com/LifestyleLatino/status/1704256704798437499/analytics","","1","5","117,3¬†mil","Promocionado","",""
"Vazkeso","https://twitter.com/vazkeso","https://pbs.twimg.com/profile_images/1474537271789506565/BadgWi00_normal.jpg","@vazkeso","¬∑","Tu eres verde !!","https://twitter.com/vazkeso/status/1701098981311295811","","https://twitter.com/vazkeso/status/1701098981311295811/analytics","1","","10 sept.","36","","","","",""
"Alejandro Salgado","https://twitter.com/kerberos_scc","https://pbs.twimg.com/profile_images/1062170305559314437/BSGoZEEs_normal.jpg","@kerberos_scc","¬∑","Desgraciada corrupta, los Chiapanecos te conocemos a ti y a tu familia.","https://twitter.com/kerberos_scc/status/1701341975176232978","","https://twitter.com/kerberos_scc/status/1701341975176232978/analytics","","","11 sept.","7","","","","",""